Country.Name,Country.Code,X2000..YR2000.,X2001..YR2001.,X2002..YR2002.,X2003..YR2003.,X2004..YR2004.,X2005..YR2005.,X2006..YR2006.,X2007..YR2007.,X2008..YR2008.,X2009..YR2009.,X2010..YR2010.,X2011..YR2011.,X2012..YR2012.,X2013..YR2013.,X2014..YR2014.,X2015..YR2015.,X2016..YR2016.,X2017..YR2017.,X2018..YR2018.,X2019..YR2019.,X2020..YR2020.,X2021..YR2021.,X2022..YR2022.,X2023..YR2023.,X2024..YR2024.,ISO2,gdp_2002_2023_avg,log_gdp_2002_2023_avg
Afghanistan,AFG,1617.82647494969,1454.11078195559,1774.30874287341,1815.92819979586,1776.91820712187,1908.11478234587,1929.72389709372,2155.35306784413,2191.50435559062,2565.02208584099,2848.58606111495,2757.05258747725,2985.31914452845,3046.57993117128,3017.94254424696,2967.692067153,2958.7853992308,2952.99891598909,2902.39211285546,2927.2451435353,2769.68574507111,2144.16657002819,1981.71016810561,1983.81261992909,,AF,2470.94737949741,7.81235691053621
Albania,ALB,6581.63895175301,7232.57578423059,7590.05473576823,8024.82111506549,8482.80753337576,8963.80395125243,9563.48076802539,10262.3782813023,11055.717757381,11429.9665612152,11828.3749719376,12152.4171552329,12292.2968253736,12525.0807632731,12832.2122230451,13156.3322090523,13692.4788518201,14155.0397519253,14710.9825773622,15078.5069736792,14662.7955166094,16126.7774931931,17111.9539274511,17991.0161430889,18919.8062942559,AL,12440.4225493832,9.42870633270852
Algeria,DZA,11558.220469383,11742.5946761225,12213.1263531246,12835.1814413331,13226.7650481165,13738.4956444361,13920.6940553701,14114.6745192683,14206.7767147039,14104.42817214,14496.4211312996,14641.9640935685,14697.5396133853,14778.1914257233,15073.7629403565,15239.5171456469,15511.6858768094,15427.6641894713,15343.4261222434,15199.1989965639,14194.1557479619,14496.8654697299,14782.2002970247,15159.3242373415,15442.1244460542,DZ,14427.3663288918,9.57688212151997
American Samoa,ASM,,,,,,,,,,,,,,,,,,,,,,,,,,AS,,
Andorra,AND,54809.1441679423,59109.0136806378,61188.6370851474,63656.1958332184,64353.4858113531,65114.8053663021,66390.293726491,65534.1168555171,60691.6051530637,57203.9708883731,58285.0577756981,60470.4662377044,58172.1323929474,57332.1585611366,59929.2444670501,62105.1542389675,64402.8092369468,63239.6577711911,63048.5985572834,63215.899791913,55488.4902991095,59332.2029100127,63913.3835079105,64631.2963909271,65928.3071971004,AD,61713.621039012,11.0302599479117
Angola,AGO,6002.98914011246,6049.16321222272,6645.47776627718,6609.21488902386,7074.02594737625,7845.89015271542,8435.4550466421,9263.98070293341,9916.90935059131,9629.09194801829,9672.83922433216,9627.02059776978,10051.3399118452,10150.9160957693,10250.5924040333,9980.92988185425,9381.80972573042,9042.11712940232,8620.21466424389,8274.54256174643,7556.96792771976,7408.12659121059,7397.48642731105,7250.40269935241,7344.14537855393,AO,8640.24325663175,9.06418601610451
Antigua and Barbuda,ATG,25547.6120273679,24014.7754593511,23958.1638142071,25136.001691807,26303.6179046605,27692.634871178,30827.3416754916,33245.2678606766,32756.3067839753,28405.6900929523,25826.6086383235,25023.9174488179,25592.9066121735,25206.8458285339,25557.5249124716,25734.1516444171,26627.71453894,27199.1952402262,28878.6067675471,29651.8641526705,23930.6714995115,25745.4958067746,27941.7851474762,28474.0444178181,29561.807425139,AG,27259.8344250296,10.2131696313153
Argentina,ARG,22281.3814299958,21066.4581290433,18571.7020471274,20005.1385113465,21591.449396517,23262.4075792816,24877.2493922296,26850.6645932771,27658.4853446831,25747.1976809995,28056.2570212342,29425.7593876084,28825.9666865361,29227.6601818437,28200.8152571318,28669.2061336796,27802.1057201498,28334.904184742,27367.115094108,26629.5529419501,23877.0931404855,26300.274261175,27627.9634764636,27104.9799978169,26547.0503429365,AR,26182.4521831994,10.1728447013571
Armenia,ARM,4589.00825039977,5044.11647826468,5731.35346609213,6569.26023440631,7299.40001858866,8362.90084037119,9525.23146779778,10898.8483795634,11727.4821272949,10143.2350796867,10438.5641904169,10990.177099035,11796.2741177994,12194.0189523843,12667.3757330249,13112.7600902915,13192.9940731731,14243.8749003795,15037.0452420712,16215.3607965094,15052.9359791136,15921.705281964,17886.1783877168,19402.7510915578,20078.7848984844,AM,12200.442161329,9.40922747279648
Aruba,ABW,39244.8298545806,40505.5330010609,39846.0627615715,39832.5790764609,41834.9275811055,40608.8196948258,40335.4176892185,41272.27939244,41710.4970441525,36590.560109989,35508.5945732562,36435.5553328221,35530.2600441558,37255.3534520324,36275.6809553371,35682.3002526702,36021.8308363445,38558.0045581753,39419.5557032263,38435.4266171966,28521.6888517757,35696.3093722926,38877.6744362842,40516.8085633136,,AW,37943.9175863021,10.5438644955727
Australia,AUS,45013.0099535152,45338.6834259568,46609.7441798787,47500.8351163647,48980.8931754432,49914.5146351829,50602.3502510338,51562.094012556,52351.5870495814,52254.3227326852,52589.8182081923,53112.5328692855,54237.5919075866,54699.3516156157,55288.1153378005,55691.6988499963,56341.5181616503,56684.6473338143,57450.3810363952,57837.0606876407,57059.7436441324,58182.3369477501,59883.6470356073,60461.1563966999,60082.005786975,AU,54058.9064174951,10.8978295905747
Austria,AUT,53599.6093339584,54098.0257018521,54631.6008500547,54986.7435667207,56048.4808874949,56959.6381151635,58531.5097883729,60544.6340440485,61232.5490249797,58882.1418702533,59803.3726339705,61346.9594696188,61451.5490997571,60937.2569094954,60919.8407084024,61025.9994539641,61647.7794679581,62612.1399337979,63855.7816802723,64688.1438223164,60349.9022781104,62968.9422311892,65661.4521877573,64394.0905152572,63314.4627876454,AT,60612.7503881343,11.0122605523704
Azerbaijan,AZE,5656.92989287759,6168.98510980328,6701.08173720633,7329.40605088292,7937.85948028631,10054.100337324,13371.6584935601,16587.3657125149,17963.0207729203,19242.3899970454,19925.3900974045,19358.0777872405,19523.3737133182,20398.6461946342,20709.2016245984,20678.7539615582,19822.4105921977,19659.0048511424,19781.8509075611,20101.4919048601,19126.096851651,20111.3756952109,21051.2442384287,21310.7386643822,22072.1058327346,AZ,17306.5699848149,9.75884147630067
"Bahamas, The",BHS,34597.0752192244,35072.2778102066,35610.5892016822,34740.6762975613,34617.7181665953,35365.3775730221,35789.0423240979,35797.0290629213,34497.9484935847,32630.1811108006,32711.377086825,32535.5807963368,33667.497605052,32402.8349661434,32712.6613651827,32777.3956082623,32172.2291451121,33049.8728038689,33650.2369173321,33202.354578976,26452.525156805,31064.6822166194,34342.7904119831,35221.3102702953,36244.0360489936,BS,33409.6323254118,10.4165995303639
Bahrain,BHR,57968.9956082135,57280.6986707494,55096.6571550779,54431.8763559658,54045.092888858,53478.2662415503,52691.9323366851,52731.7921672618,52765.3899455546,50665.750748922,50704.8479679819,53132.3284162611,54516.8406594787,55376.4005147894,55065.818947213,54149.9131524721,54107.0752236423,53859.7749589601,54893.0724411368,56749.9628370612,53814.2452592358,54954.6757895532,57572.997981018,57819.9051831242,59129.1406763003,BH,54210.2098714456,10.9006245436995
Bangladesh,BGD,2712.93512215725,2803.55471950946,2866.43454328715,2958.91503115633,3071.83778764611,3231.61370692891,3407.4273502159,3608.91543819399,3787.9382761855,3942.13631207203,4125.46390163202,4352.42643359325,4592.04840919812,4822.72621378266,5068.63965672741,5352.71133299566,5682.53553494306,6005.70718781048,6392.59334024091,6838.32611608243,7015.19792797056,7441.06913961254,7888.16389098304,8242.39798977242,8486.78495660517,BD,5031.60116004684,8.52349353451697
Barbados,BRB,18851.5757762871,18380.2588922743,18404.1495676231,18689.3419390136,18845.2407103177,19488.0025214134,20571.8105086971,20899.9911267448,20922.4076549396,19770.5267437958,19253.4088733958,19050.5673740077,18936.0888111766,18695.6832903666,18665.1769798481,18464.6630889427,18754.6651416375,18740.3488338921,18484.6976381599,18572.509535997,15749.0380167909,15683.8847128096,18469.5765888638,19224.4621182944,19945.7371938511,BB,18833.4655353058,9.84339064801554
Belarus,BLR,11182.4548393871,11771.0872049291,12443.932258531,13413.9265556823,15052.1182112748,16579.8731645654,18349.8718998326,20019.6111614226,22137.9472928215,22236.8387652895,24012.6132979939,25404.756603449,25879.1319443907,26147.6253573927,26564.4347191138,25513.213293121,24846.8301529774,25503.9809859341,26363.4629821253,26798.8206427961,26731.4953813508,27611.1801135157,26537.5083074867,27782.438013284,29037.5291400434,BY,22996.8914138341,10.0431143298566
Belgium,BEL,50477.9941347136,50857.824735388,51494.5617929448,51811.6923531531,53430.2540194465,54370.8703803698,55392.0500342767,57008.601385936,56812.7904441901,55283.0863376556,56265.0153492543,56610.2670078988,56381.6888365741,56287.9976585439,57028.0579675897,57534.3966117368,57927.0428818868,58555.1524767785,59383.8773280488,60506.6597699177,57358.8370328069,60669.2137746531,62744.2029966767,62920.6444340936,63083.1843669076,BE,57080.7709488378,10.9522225779613
Belize,BLZ,11352.7191202799,11555.9072108358,11816.5976090456,12577.0971520133,12794.8058593089,12702.741981785,12900.1113839766,12962.4668939683,12398.5125618524,12024.1964682061,11868.4382399084,11584.2851607068,11761.5639088012,12026.0711025081,12249.2214195699,12339.4807382581,12062.7981699713,11574.452447147,11486.8029426009,11803.0879992669,10032.544497569,11677.4610095172,12569.8179433088,12455.2960650024,13277.9352658254,BZ,12075.811434286,9.39895967578978
Benin,BEN,2536.16885867097,2591.06485220288,2630.18061029627,2639.04370114641,2672.84404357158,2632.47251454329,2652.21841967159,2729.13741390352,2777.61974031765,2758.07243150648,2733.57399641151,2732.01249647957,2779.7264808532,2893.0467015352,2987.38236326153,2952.00218338705,2962.66381572265,3041.77929984989,3155.4510650627,3281.10470051465,3317.8597222557,3464.2886286745,3588.32519938147,3721.21254814808,3901.32588494392,BJ,2959.18263984066,7.9926683739968
Bermuda,BMU,98019.93147275,104560.839783497,102559.769384967,105642.976098631,107803.199358077,109335.385931485,115170.899920201,118691.070025545,115942.72717347,108962.816946419,105968.875104213,101989.927295974,96711.0739703323,96549.7874807583,93042.2733051033,93859.8769494621,93265.0675364638,96437.191438851,95639.2267310584,95519.9206861686,88618.0830682257,92319.6714861219,98145.1689383889,103052.348367859,105322.911174674,BM,101601.242599899,11.5288110443657
Bhutan,BTN,5287.57434721684,5545.6305511084,5991.25497571775,6323.5411950973,6517.99683290216,6850.80441609334,7140.85609148376,8195.07074477912,8470.03471622855,9019.11861272398,9985.28455483655,10714.686566371,11143.9445354588,11212.479426698,11744.5189124825,12400.2983237391,13320.9759036882,13482.3425280358,13854.8543977158,14555.1884045845,12979.9369485824,13458.812666743,14061.3120274588,14645.2656341911,,BT,10730.3899279823,9.28083517494418
Bolivia,BOL,6146.02929379703,6144.97829465098,6193.26347494844,6255.51558261865,6407.83811795626,6579.31228867825,6778.38492535327,6967.56988043206,7272.1662422642,7392.16259288398,7571.67809247102,7837.49318801327,8108.20518828237,8524.03213402885,8851.71162782477,9141.92840900882,9390.79063843794,9642.81395706132,9907.06256669222,9985.23048460376,9000.97565203128,9454.19814680002,9681.70743033851,9843.97014249285,9844.27685167629,BO,8217.63685287373,9.01403795923283
Bosnia and Herzegovina,BIH,7827.90200560021,7979.8685297046,8363.91364531969,8707.06510862204,9341.72762451852,9811.21069130144,10426.9485751935,11174.7594685303,11979.74087952,11822.7231573461,12138.8299651933,12483.502790857,12622.7339130046,13131.3558995903,13454.3840964213,14219.5427756874,14873.068298524,15554.0600057104,16348.1334649869,17028.6416622178,16746.390412009,18285.6711242953,19297.0714942776,19803.845310439,20428.5259995456,BA,13527.9691074348,9.512514606974
Botswana,BWA,13185.8171502399,12949.6403092989,13479.6960707779,13857.2588252253,13984.8415100042,14361.957631482,15275.5828797355,15850.2343481951,16040.3153221647,13489.9509156143,14545.0198072174,15236.7188806459,14957.618908069,16369.4252909372,17052.1924039958,15994.9643027691,16905.58873935,17352.8958428846,17825.0185700403,18106.0105437839,16289.391360351,17960.6254431256,18647.3734572032,18932.4802695277,18068.5050698005,BW,16023.4164237773,9.68180645779688
Brazil,BRA,14005.3471874231,14016.1313772236,14265.9048770292,14259.3664089322,14911.2609608592,15221.0138281541,15657.4795716983,16440.583740032,17113.3679822643,16939.4407810328,18062.1581103659,18627.8104529397,18832.2195527075,19241.5059815726,19183.172744636,18357.0690617991,17620.9272434136,17724.4799577784,17917.7492123359,18018.6209151518,17327.5157249466,18075.7060049068,18554.0461828566,19079.8122134028,19647.9096329925,BR,17337.7823413098,9.76064334949754
British Virgin Islands,VGB,,,,,,,,,,,,,,,,,,,,,,,,,,VG,,
Brunei Darussalam,BRN,100323.440021864,99680.7624772261,101571.583792615,103226.914281632,101497.754704576,99795.6851205821,102248.510372603,96752.6202630515,91275.5001404953,87875.8282313569,88586.5131929202,90279.6633402819,89718.4636612666,86606.6517156585,83310.6150641982,81910.1883952688,78880.6229079102,78966.8642961288,78099.0507722009,80228.159656274,80280.8979480569,78248.7971101454,76357.8291017772,76616.7014828023,79184.0920389224,BN,87833.4279796273,11.3831974358618
Bulgaria,BGR,12558.9740745904,13301.3551670776,14391.430013191,15265.5743569127,16382.6181531611,17671.1932987041,19017.1814497463,20432.3428445738,21837.5009940859,21242.9936624346,21715.8794407598,22312.3951777384,22610.0572767345,22945.5137964647,23446.4063115841,24553.1436827934,25626.8237228551,26681.4288334943,27739.5019515864,29199.8335860323,28545.7085283433,30971.9131888346,32433.149549679,33139.9387292228,34083.2353624555,BG,23552.8422067696,10.0670017803479
Burkina Faso,BFA,1428.57400617096,1477.28491846525,1494.67801269583,1561.83310184915,1581.25620933294,1664.99543180023,1714.76034904509,1731.93046335077,1779.32710911571,1779.32305627973,1873.97146230828,1939.86659989406,2003.6646118745,2057.0639319853,2083.19844698304,2101.70266192027,2162.72578977814,2232.28781490944,2316.39432079045,2391.53626844484,2380.93171826574,2486.43093147762,2466.05331390054,2482.07225343805,2547.93264387899,BF,2013.00017542908,7.60738151278786
Burundi,BDI,988.036863486,983.396846717033,998.561288984855,955.669204427762,965.204118116021,938.381597310084,954.190853889464,951.290082556638,957.222664357035,944.629925612955,947.62141733127,951.188460391309,958.657402907725,970.375391768505,977.765840288134,918.557192941296,897.459046433604,880.993440128706,868.555507579394,855.732720083122,833.920257458019,836.665571337829,829.38715963357,828.582949914141,835.620859248356,BI,919.11873152052,6.82341531044202
Cabo Verde,CPV,4510.13573659758,4540.90731780518,4710.2410491228,4841.265398715,5268.30312485708,5565.76951208069,5941.38218091511,6767.40677380347,7169.13944155367,6994.5740991365,7072.12150207342,7325.78441834692,7397.82220702474,7440.66242650114,7491.02198228243,7560.13649202469,7881.30336227784,8234.56000312459,8531.12961646549,9111.62993173269,7207.86853962048,7685.41921393669,8850.1066918812,9280.97926029765,9907.58847498474,CV,7196.75578308065,8.88138561777667
Cambodia,KHM,1922.03179092529,2032.08092022307,2126.34150468918,2309.83931482713,2491.30930003758,2781.89028895165,3041.10471220055,3308.15747246437,3501.92570219206,3587.60889588247,3711.53750580037,3921.97911563181,4159.16354123312,4419.39886801717,4702.73061823055,4968.57276698983,5283.72964943608,5632.0312562916,6050.5908826201,6448.88455952597,6128.78243783137,6225.53265474741,6458.36814880428,6695.29194763343,7011.58146903476,KH,4452.48959745627,8.40121867882336
Cameroon,CMR,3822.94425358926,3884.87304812714,3951.41936232132,4054.78133246517,4222.96638689885,4199.72270969362,4241.51744722821,4302.6192630847,4300.26640352464,4286.57718166156,4286.58302947378,4307.85195558527,4382.11120797355,4473.57231896434,4588.4864949903,4698.66677843587,4767.13186148953,4797.97544185544,4851.48003949961,4882.35560028896,4763.48194388066,4793.55628200196,4843.65038202917,4870.57076514365,4919.14166939977,CM,4493.97019038592,8.41049181952032
Canada,CAN,48399.3055389359,48774.1675534138,49695.0066909867,50139.7862347007,51210.6796118735,52356.5578038534,53195.781842155,53761.8620298113,53711.6792064975,51552.4223837895,52558.4408142168,53681.1296700569,54034.8034751988,54712.178423981,55723.4835404159,55660.8675272614,55606.1549191947,56612.3285367448,57337.4909099991,57583.845798092,54092.8790317796,56995.1176781351,58321.0611834624,57517.4431587432,56691.9070100503,CA,54366.4091123159,10.903501762572
Cayman Islands,CYM,,,,,,,92169.884857511,92300.4727413432,89338.2864962161,80594.0775425265,76259.0297427203,75059.6580678761,73948.0258173713,72954.5195878284,73017.5949174441,73281.0447634718,73907.2260440292,74564.7386458281,76088.8950622285,77440.552064534,72149.3268887499,74150.8580949692,76359.0908832118,78109.3506593441,,KY,77871.8129376224,11.2628193298927
Central African Republic,CAF,1245.81399563599,1272.85710758505,1290.38314917126,1191.8731520062,1236.28534712166,1219.5939445674,1251.87082171335,1284.55283590666,1283.2728263106,1402.68164770801,1479.41367757692,1517.14839091011,1577.98053252253,996.896355923912,1001.85598053496,1043.92171697157,1073.94477703739,1103.86609318724,1125.70091748228,1145.09563657752,1136.57052993758,1128.55237996459,1136.8017111277,1132.67643363316,1111.65331166746,CF,1216.40631172239,7.10365614464406
Chad,TCD,1501.14484059514,1620.55276247649,1697.97157201535,1871.63990238473,2392.0927022496,2695.81202138543,2586.98789080054,2608.26864090164,2596.86449460362,2472.17870318429,2717.50762664859,2742.699649067,2887.74824701419,2864.7151974111,2821.27515439151,2823.36071529714,2623.12070271494,2496.49275170224,2552.60616266347,2604.91636551989,2513.01578402889,2435.072746511,2655.7100439179,2641.43295049208,2605.77164183974,TD,2559.15863749569,7.84743382622574
Channel Islands,CHI,,,,,,,,,,,,,,,,,,,,,,,,,,,,
Chile,CHL,17525.2717273479,17870.3008332711,18240.2015602857,18902.8708740806,19961.9835794233,20918.5275760681,21968.5375355854,22878.8834428789,23509.7816931441,23013.5817893814,24116.7694715614,25366.2690249825,26670.4971338402,27291.3576525957,27505.0495524158,27811.3745158617,27958.7284996682,27892.9946862827,28492.6611456516,28218.5343879081,26248.5616432825,29089.850459728,29569.4775527937,29563.6780243659,30182.7871224714,CL,25235.9169000812,10.1360235325736
China,CHN,4066.03627019859,4372.15705579934,4744.39855079794,5192.00604608587,5684.16873050981,6298.32318474516,7057.09993331646,8013.71568302248,8743.74491232188,9518.43214737204,10476.3123630451,11405.0172845617,12217.8543175465,13080.8288162668,13968.581485524,14856.7807604461,15772.7647598696,16757.9736318662,17806.7902349725,18820.5131033646,19215.1541703465,20843.2978347377,21499.3822834427,22687.0758723943,23845.6197217259,CN,12939.1007321162,9.46800907044031
Colombia,COL,10813.4942250011,10823.4504878807,10925.1485602082,11183.2911819793,11607.9384935105,11999.2549591305,12636.6246577724,13318.3033138168,13591.0609028567,13586.7518430982,14037.0642668639,14852.3699513061,15279.4790008058,15912.2471293239,16480.3631474161,16821.3801400631,17003.244366485,16986.0334182842,17104.1313545678,17336.7716030551,15861.4999291295,17383.0901728295,18458.7209460704,18382.9976800475,18503.6706011465,CO,15033.9894099373,9.61806887732964
Comoros,COM,2408.4169365974,2414.43004972493,2418.83434906137,2422.58708932215,2422.72135148537,2441.13570476072,2455.71542414172,2426.5151451955,2473.0890534404,2581.66237774108,2652.35554460641,2752.95295597952,2868.39986918929,3059.11623830032,3109.89565554513,3105.5929632385,3127.13212005318,3236.98599900292,3303.25688708984,3357.89791389936,3424.53968859258,3449.04357453181,3478.17346802815,3516.4815932937,3567.51386511576,KM,2912.91295302268,7.97690887426876
"Congo, Dem. Rep.",COD,886.720759311299,841.035651373731,839.766208262362,861.08157428731,892.435291107776,918.534842356332,938.04116408319,967.054152909544,996.744118078631,993.997785686778,1031.25015320943,1066.57951450382,1104.66400652934,1158.28192977491,1225.70218711959,1267.90548678227,1253.15815656727,1253.18734939772,1282.48227896626,1296.94757256244,1277.63286345756,1313.61821829086,1385.46472667357,1456.48236823497,1504.14374011806,CD,1126.40963403827,7.02679053831311
"Congo, Rep.",COG,7570.58279297342,7567.43916817104,7729.3889014189,7577.45630456352,7577.44597274153,7876.11806658285,8192.57979719023,7375.82454100145,7587.28826163492,8138.45033818823,8583.66179834288,8492.42098392104,9079.68656400891,8798.49382506314,9159.25664414045,8977.70681641417,8001.8255194505,7372.77046737599,7029.33651566257,6939.36913397466,6350.50913409722,6263.21161292636,6205.1050414034,6172.28776650683,6181.47053293573,CG,7703.64518211862,8.94944889609836
Costa Rica,CRI,14018.7425010471,14250.4627491826,14495.9925105545,14891.3398216979,15323.2892201563,15703.9624720602,16620.1356432166,17743.6227382465,18334.0135988728,17932.6147807384,18660.9198222897,19254.9142153216,19960.7933253157,20232.2670799569,20724.9217693549,21254.7840932179,21925.6000804133,22622.5534502656,23005.3121471934,23364.7831275883,22211.8613921833,23852.9253020147,24831.7193480493,25979.6286150987,26973.4361581028,CR,19951.2706615367,9.90104811259734
Cote d'Ivoire,CIV,4838.34023729938,4609.14469395303,4368.92808837279,4060.00038038427,4088.94517328472,4032.24588029846,4049.26032962496,3999.69095682208,4096.72346918931,4151.05360874982,4338.65248394142,4017.40782040208,4234.18055593319,4597.18635239866,4907.57450294516,5110.86240809881,5320.84646239855,5556.11366322898,5670.20005356688,5894.87874674153,5787.81533309018,6045.2048049088,6272.26395759415,6511.75110282862,6733.15402382668,CI,4868.71755158197,8.4905858449667
Croatia,HRV,21302.5369382703,22826.9315626113,24137.4391857553,25474.2482215034,26529.2440630194,27641.5780660686,29039.3436666041,30512.1740773583,31116.5299688609,29026.7333060987,28704.5272098693,28775.6488231446,28260.8366226603,28401.6853516941,28460.7295690068,29471.7520880735,30824.8598870778,32351.872218096,33730.8745577125,35123.4876560601,32493.6254319725,36930.4701258567,39861.7894604518,41135.0876255495,42631.3151968945,HR,30818.3880537497,10.3358668055514
Cuba,CUB,,,,,,,,,,,,,,,,,,,,,,,,,,CU,,
Curacao,CUW,34307.1246179337,35339.0644051331,35435.9971162454,34812.7907207911,34288.7397932397,33651.504146003,33334.8563497427,33490.2547243625,33795.1306777424,33397.3969616235,33004.553858778,32704.3554446359,32320.8766168525,31753.3841360536,31128.6469319832,30861.3203644583,30209.7878631004,29729.1009779309,29256.815406642,28659.6557023252,23751.4976048232,25163.8669323866,27587.2448003627,27675.5721321424,,CW,31182.4249664648,10.3476099127263
Cyprus,CYP,36122.703125,37147.91015625,38091.87109375,38618.921875,40021.07421875,41363.28125,42596.42578125,43825.01953125,44296.90234375,42254.6015625,42103.4921875,41213.87109375,39191.34765625,36694.828125,36442.01171875,37903.125,40209.86328125,42128.56640625,44227.91015625,46195.59375,44203.890625,48781.27734375,51588.4453125,52190.875,53252.4609375,CY,42461.0543323864,10.6563425661403
Czechia,CZE,29427.4070011514,30399.8730764283,30919.5496618702,31949.2963145034,33452.3408000614,35535.7479961511,37786.8781740905,39629.0061324728,40328.3426630095,38175.1422773334,39097.3886218756,39708.1626280196,39347.0492956846,39317.5535692377,40158.0164275735,42066.5759800801,43069.4659744727,45177.5226053634,46301.082036029,47763.6165520254,45119.9387309139,47796.0337408466,48390.661678675,47509.5238443224,47961.8095131483,CZ,40845.4043502096,10.6175495933526
Denmark,DNK,57431.9708583601,57770.222038052,57848.8452786473,57946.1771134796,59401.2562936057,60635.6232224211,62743.2325188222,63082.2477141652,62451.0723488026,59027.7651022815,59696.3545247692,60230.3541783938,60000.8903063993,60583.4064957167,61047.3337182821,61893.2460620273,63299.3377655398,64815.730783181,65694.7591327282,66580.1881386027,65204.5493201042,69715.1809680929,70233.6402324443,71454.520912778,73709.0018358619,DK,62890.2596423311,11.0491465760444
Djibouti,DJI,,,,,,,,,,,,,,4469.07409933135,4705.04926772184,4961.8681860592,5226.50026106607,5421.95649149613,5590.50426604853,5809.30455041341,5791.47767679877,5960.10807396825,6180.67998594607,6545.10334085365,6841.16653163372,DJ,5514.69329088211,8.61517131652046
Dominica,DMA,14054.6549825652,14091.5491387572,13640.70330575,14398.0017636834,14962.2456326016,15080.5206040984,15727.7053232323,16560.5179009944,17738.0405685049,17534.0339616963,17516.7879573152,17475.0411061698,17431.1288003063,17282.6368040368,17520.8546265613,16920.9126555668,17364.0773046793,16314.2295558891,16877.1244880642,17619.433541677,14919.5307686719,15808.9743503945,17550.8009946466,18278.2253401989,18739.3640404986,DM,16569.1603343063,9.71529843528669
Dominican Republic,DOM,10896.3184155964,10991.1363420488,11313.0690271273,11000.8684059352,11131.2709216332,12022.5080544053,12961.9183632133,13754.9212674095,14030.1411084465,13992.4103270189,14975.0010126958,15258.0858148503,15487.2776356321,16054.7677297656,16993.5874444031,17973.1870256816,18968.9752386179,19501.8743054078,20662.848586153,21451.286441995,19545.4099552943,22053.4589869955,22986.95808105,23282.4895071054,24229.4681222746,DO,16609.1961473107,9.71771180572947
Ecuador,ECU,9183.05155276919,9405.11680690106,9697.55517665978,9802.81408202125,10290.6634264766,10660.2046228939,10933.4897470283,10952.8226853948,11474.5257023541,11403.5277978831,11665.6978598204,12449.0785549218,12961.0267423765,13689.1520460126,14064.7992246727,13881.5700738105,13586.5160772568,14179.1537503305,14083.5069982304,13870.4895118068,12440.3263747814,13507.4445638375,14186.6388544625,14343.0190134813,13935.5391125402,EC,12460.1828584779,9.43029346787404
"Egypt, Arab Rep.",EGY,9981.62775083138,10117.3331821699,10143.5063455702,10250.3765500459,10451.8217511537,10700.6090373232,11211.8320229508,11782.0060717966,12391.5847624705,12728.0814586737,13128.9878334085,13082.4263680701,13076.8052395914,13058.0748239258,13136.365629827,13425.9119599775,13727.3201600494,14018.360593453,14488.2094340483,15026.5682438097,15309.2359881702,15579.0160861551,16360.3907750364,16691.387399222,16798.151577864,EG,13171.3126606695,9.48579646028456
El Salvador,SLV,7545.44796218991,7580.32338410159,7675.67106195114,7780.27177685599,7841.53237886842,8050.5345128919,8404.24674903143,8548.83476118605,8704.80584632592,8494.49847423622,8648.92982717672,8943.06191543327,9165.42034804478,9327.56424468351,9451.744607867,9646.15432339854,9863.76121214453,10064.7934942601,10297.203612692,10543.9383291317,9692.44931605799,10809.713399518,11085.6178074688,11424.6459176917,11669.0817135644,SV,9293.88154167798,9.1371115638867
Equatorial Guinea,GNQ,11767.4708814313,18031.964975074,20242.4309684399,21709.5751241959,28225.985816122,31302.957953874,32251.7680082519,35540.4477563657,39994.6159790647,38706.6052512135,33668.8740654852,34341.9342607505,35711.4919273537,32894.3693189101,31765.8997056851,27797.7942803179,24435.0645564801,22250.4389230263,20165.4795550607,18446.5916579681,17089.153726379,16821.4486470413,16932.7706827155,15688.2384192658,15454.428493564,GQ,27090.1789356349,10.2069265402856
Eritrea,ERI,,,,,,,,,,,,,,,,,,,,,,,,,,ER,,
Estonia,EST,20739.3911025799,22099.3392764137,23781.6515696429,25749.2797728847,27665.3068254089,30473.7787570071,33646.6185085554,36359.4666305513,34588.5500287282,29585.1439652234,30379.1091281954,32789.4323795893,34115.3622192703,34838.3629500515,36090.4940948192,36729.8072496625,37854.8452505513,39939.4575647613,41273.1995505254,42652.5348631458,41340.7646508088,44251.5374983455,43690.4142331346,41706.5196127617,41546.1201868122,EE,35431.8926047102,10.4753676145731
Eswatini,SWZ,6189.64490860343,6197.50351983948,6417.81023319704,6621.46651215923,6820.12606659205,7189.96915614365,7582.75757456404,7873.56517072742,7884.86494881977,7957.09358645404,8210.69698576346,8348.77429738159,8752.11471260333,9040.76474667557,9119.66363354344,9253.29093618087,9629.55566169647,9696.55159509716,9632.16196997692,10123.3160187796,9727.51390002527,9946.04055370333,9955.70904595365,10201.6379845633,10367.2682554184,SZ,8635.70205866369,9.06366029111641
Ethiopia,ETH,810.270749182435,851.313428464571,838.298047001601,795.772138350107,877.114494989383,952.115666294682,1024.72911936948,1109.14330257095,1193.74728326721,1262.46397994724,1381.19044657574,1492.53396473949,1576.76875735604,1696.86515587413,1821.3916176818,1957.41454190833,2084.840556194,2222.82824481382,2311.16511659606,2437.97046055952,2516.54907642544,2588.41310215884,2655.59276743729,2757.95923634026,2884.26460712345,ET,1707.03941256597,7.44251581131875
Faroe Islands,FRO,,,,,,,,,53528.7838011243,50835.9542149952,50782.3391449341,52716.933935158,56744.6519043836,60123.7267080971,63151.5044266511,63139.8057229163,63286.5842199228,64574.4907315864,65297.3125271059,67210.427723407,65136.5694597249,67770.4886589012,69370.9545797436,70428.9630965924,,FO,61506.2181784527,11.0268935572762
Fiji,FJI,9426.11381262788,9516.32779638401,9724.10089379225,9727.9565220076,10148.8778423941,10127.1115873324,10222.1983556255,10050.9510042278,10092.1801644075,9910.17442046587,10167.3496239235,10412.9963753257,10537.6920298088,11019.2983629288,11621.1294908225,12131.0916903613,12419.825775383,13090.5007050371,13612.9520960439,13567.4738824515,11254.9698172863,10685.1970276312,12762.3466367363,13652.4909862727,14104.4435804465,FJ,11224.4938768303,9.32585362267011
Finland,FIN,46968.841714507,48099.3014282794,48792.4864789775,49655.5451564067,51494.705860401,52744.048034135,54653.981203281,57313.2916474478,57494.585352886,52599.1487066911,54017.9458623339,55053.3906850323,53957.6680986279,53183.4286685126,52710.7334867778,52782.4873926277,53984.6316254715,55637.2262781223,56226.337241343,56922.4873163103,55424.8574989208,56790.3766177692,57068.3056478074,56246.4431523174,55628.6815127631,FI,54307.0050914636,10.9024085048106
France,FRA,45922.4789363701,46454.8706927365,46610.7820717214,46730.975806379,47720.4413351103,48257.4650937971,49223.247197008,50157.7837477634,50068.2969141379,48404.9657826364,49130.422942344,50085.6829779109,49935.6269081617,50066.5304324783,50326.5678630891,50682.8953586333,50984.075297832,51895.5662985838,52560.9536243841,53448.5548849943,49311.333409639,52517.3354905855,53691.6174870768,54017.8741725591,54464.9816695754,FR,50264.954322583,10.825063380107
French Polynesia,PYF,,,,,,,,,,,,,,,,,,,,,,,,,,PF,,
Gabon,GAB,21717.2240796789,21604.7804441769,20981.4798584466,20875.4549325844,20438.9307066593,20385.2899909124,19224.1268658387,19751.876221581,18493.0921102783,17911.1458491118,18530.5760935497,19153.0878200945,19450.402706679,19836.455485141,20008.9899778716,20147.7116201795,19988.1755963186,19555.707882916,19225.5982574678,19491.4067631396,18681.4840738546,18523.5798032135,18662.0497970472,18702.6905177926,18923.0900476678,GA,19455.4233150308,9.87588114385738
"Gambia, The",GMB,2658.61770579464,2737.69610805906,2578.557145742,2682.47993310133,2794.19352609118,2653.64239155191,2564.6865397052,2567.15728802982,2649.61119865306,2745.32540574768,2824.21259222517,2519.83983255672,2574.93509664061,2572.44728941685,2465.10971144823,2495.95741601525,2478.46055756999,2533.18683710277,2651.43281455826,2750.82132179634,2702.31919474482,2777.79620978324,2863.1804989768,2932.28059569039,3030.97408356729,GM,2653.52879077944,7.88364565232382
Georgia,GEO,5706.27236527837,6074.08643017282,6464.32539672648,7227.73705960701,7693.91525392067,8485.58670534953,9337.98906420101,10567.2747164758,10856.1031328003,10553.0896395853,11294.3685917112,12288.6828861156,13193.9596974054,13913.0018245661,14475.3135356035,14936.8434116647,15442.9564358054,16237.6242230275,17228.6790847503,18186.8816465807,17031.1440283426,18915.6534005263,20966.5280391134,22590.5293649146,25000.6326416981,GE,13540.3721426724,9.51343103077634
Germany,DEU,49979.1331725952,50711.6804711795,50510.9059526938,50215.4253930358,50810.1431030412,51289.2800426687,53326.9769360948,54941.6017527234,55547.3107476973,52600.2325169242,54865.4305267761,57992.3667447647,58158.1379700188,58223.6495302747,59239.3401017561,59699.3381223014,60578.2870698037,61991.4973083418,62495.4989453146,62970.7160913279,60342.6627037391,62530.7653199239,62931.9684095826,62686.5408495937,62829.7960031195,DE,57452.1852790181,10.9587083204824
Ghana,GHA,3327.35199291767,3369.50702508212,3425.61820934278,3507.75105744843,3607.36522285021,3721.30785741996,3857.86154847605,3923.12567803728,4174.78124103364,4269.16005861558,4495.68916584106,5005.36732498187,5339.71321903045,5593.77481886917,5619.07233511591,5607.36635657414,5666.07795334591,5993.63085211077,6234.51208201488,6508.24652305901,6412.68541762469,6607.50297378321,6728.45414012286,6808.53775165029,7061.93402799185,GH,5141.25462669764,8.54505241946111
Gibraltar,GIB,,,,,,,,,,,,,,,,,,,,,,,,,,GI,,
Greece,GRC,31386.639783624,32675.9292327768,34081.0289759343,35970.7016808475,37811.4913664483,38146.962971083,40483.1569225337,41796.2336918303,41709.3877420312,39886.2135496664,37566.7483686263,33906.4917435676,31250.2268565956,30762.4432227813,31213.3765120298,31347.976574604,31468.6198471099,31995.4108838386,32722.3310444029,33502.7506488997,30487.1129331045,33531.15511226,35906.6127683029,36854.5043968202,37752.6321172664,GR,35109.133536969,10.4662165903324
Greenland,GRL,44991.6751496134,45405.8543742044,44793.2704252565,46649.0480779756,49742.0582266727,52189.001485462,55243.7102798787,56763.2387284359,60506.1946272328,61035.5672997071,61863.2826915138,61170.9203658321,62111.1033086807,61659.6415225985,64799.3056628017,63364.0536061164,66245.7294730698,66297.1790691281,66887.6779268926,68534.9419039134,68533.7339902964,69302.0088788237,70681.2253902158,71037.5372239623,,GL,61336.8377347485,11.0241358832704
Grenada,GRD,11632.1744534748,11340.1824083418,11684.8591955366,12734.3250905091,12601.0714901277,14220.5512866626,13602.6854098528,14385.091845237,14472.4228873921,13471.8304089174,13363.092025109,13406.0598778032,13169.4604768133,13394.5216776985,14296.7091406227,15145.9720224376,15650.411723041,16301.4724432012,16975.247600506,17047.3549261258,14656.7208773809,15298.1231115237,16386.46233816,17128.6963921769,17742.1755724633,GD,14517.8701021289,9.58313559043796
Guam,GUM,,,,,,,,,,,,,,,,,,,,,,,,,,GU,,
Guatemala,GTM,8770.40383759823,8771.15495669343,8901.53608497848,8926.15332610861,9003.85693390192,9099.72302959969,9386.00088013675,9772.8051121689,9889.57181842261,9740.70908421704,9825.01740019293,10032.0883470849,10126.8280741235,10297.8392855208,10553.5639314956,10785.9581523698,10872.5936799844,11005.459077705,11192.3717280854,11466.3762560987,11097.1500739277,11825.1409200782,12147.9305951198,12384.9480298051,12640.8871117101,GT,10378.8009918694,9.24752063866732
Guinea,GIN,2358.28765608495,2412.75161959628,2498.13177495102,2473.23418295471,2477.50282602363,2501.22160456279,2478.61319510726,2587.0048887648,2629.5397474637,2537.30645758746,2594.83050344245,2673.40873029955,2762.90350938513,2802.56007024474,2834.96634347846,2869.85157178732,3099.78874189372,3332.76576150532,3455.64512638662,3557.46233883145,3630.99330577677,3738.8051255133,3792.01068836277,3904.82395527998,4028.48347380899,GN,2965.15320225468,7.99468398033463
Guinea-Bissau,GNB,1950.80122794175,2001.16517022904,2029.18429298959,1978.12329209327,1955.69433497695,2035.68140858078,2040.17194018736,2040.94007140034,2080.14301158375,2077.55892055175,2138.02686170727,2250.92052323584,2154.30225414468,2166.00798028761,2130.19123262094,2203.48514374537,2265.57179690885,2314.15795950479,2344.86927104828,2418.10410220288,2413.67907791747,2483.85062934649,2564.42407234071,2619.41353737414,2685.6174278336,GW,2213.84098703405,7.70248428911479
Guyana,GUY,8025.29326490962,8212.04321760917,8314.0272750321,8267.42910545363,8404.2001629708,8256.52519071138,8702.33133494001,9354.08017716533,9546.70875949436,9924.52660770631,10374.3947557656,10958.8598838438,11534.9985588659,11896.9069854942,12030.0529344045,12040.08253302,12420.4724727603,12801.6408529346,12980.3576003177,13402.4219472757,19234.1301977637,22865.9270968882,37068.1993827589,49312.3603225444,70297.4030938909,GY,14531.3924608232,9.58406658547729
Haiti,HTI,3256.62946976622,3186.83391085521,3163.58995198594,3216.80164457879,3120.84410958207,3163.11380246538,3164.82372941453,3258.36633663299,3289.70539010892,3426.38912318297,3195.24820723659,3320.34680581165,3285.70754602266,3376.63982000485,3423.65317734526,3422.09748627768,3435.73122444055,3474.34692898372,3485.69687548702,3381.584787365,3229.47554356606,3134.95014938417,3047.65179299452,2956.46213701659,2800.66106636594,HT,3271.51029863127,8.09300702228933
Honduras,HND,4579.68960840984,4578.94787944773,4627.02278723456,4714.86701000972,4885.34258343422,5056.67544412551,5263.15029099578,5461.90151889031,5566.70639487723,5313.75573967792,5396.07227927744,5488.43371596332,5600.6077605497,5644.13384802045,5705.16246265484,5812.5348879105,5926.49025534228,6099.60734919414,6219.2797377506,6264.01884276715,5603.26398377777,6202.98078812037,6352.58710177732,6467.88003527831,6585.85535717861,HN,5621.47612807406,8.63434956464056
"Hong Kong SAR, China",HKG,39848.6084776229,39777.8810311241,40258.2060878644,41570.596227471,44836.204761952,47938.8931681442,50981.7610681273,53813.0735414476,54630.3735808631,53172.3039565556,56355.4038971669,58672.8068871805,59015.303389057,60601.5749999996,61839.7777035715,62779.7172248622,63749.3828653356,65662.8099947174,66993.9305307282,65388.3308744836,61328.539956836,65884.9376260603,64036.6671749361,64428.7300164627,66171.3583247294,HK,57451.7875242647,10.9587013972274
Hungary,HUN,22117.9204303193,23069.2114730987,24229.2953575981,25255.8711300567,26568.118861864,27765.7886146198,28903.0475407078,29044.0669021254,29384.0070385818,27445.959458479,27801.833816111,28415.1173442897,28179.656464434,28891.0217544976,30264.9492302161,31485.5675425634,32378.9674983075,33828.7149425711,35798.0412754022,37662.67681014,36119.5211735652,38887.1909527154,40656.9686775714,40368.5881912861,40702.1535135968,HU,31333.407753532,10.3524401476939
Iceland,ISL,47771.2127819391,49032.3728944983,48868.5667737394,49571.1971626721,52971.8336511963,55333.2273812396,57463.7495432513,60765.2035973036,60963.5412791154,56099.6490451987,54588.9709277635,55426.9919820409,55719.260961721,57707.422120467,58031.8586754801,59978.3315663231,62880.2627220515,63999.1604652884,65354.2615670932,65122.7549510717,59627.2423412661,61610.2132740715,65475.4112918841,67177.2026289805,65645.094856754,IS,58851.6506322372,10.9827751604215
India,IND,3099.5028215766,3188.81024020636,3250.69565544918,3445.92592352395,3656.12620652098,3881.9661798273,4129.77837009239,4379.69604361151,4450.39022919238,4731.36160463896,5059.2827108398,5249.54925694026,5460.43768570052,5732.24189090876,6079.84393523695,6488.14602910787,6940.62588857522,7326.60693679859,7714.33974724531,7930.09113038991,7399.53068079041,8050.01857452664,8594.39190499879,9301.75603225735,9817.07082097048,IN,5875.12739168968,8.67848302246913
Indonesia,IDN,6056.38197842165,6190.51954040991,6381.94955179996,6599.09193597034,6843.54654972364,7140.85456407041,7434.48785352221,7802.46406905954,8165.06155116625,8435.4557468629,8848.22473702066,9274.96955181702,9708.61182531081,10121.8141535043,10504.3869411088,10893.6621142169,11319.6634287738,11772.5743296107,12262.2310300771,12757.7850854842,12388.5449268131,12757.0746440204,13334.2653947637,13889.9749067297,14470.4372020578,ID,9938.03158597393,9.20412425046008
"Iran, Islamic Rep.",IRN,10908.2929308945,10998.1285086842,11788.8950217415,12666.2011613517,12935.7859087138,13056.2499373752,13416.8415056781,14275.7487984834,14138.8010468136,14104.9783035628,14737.1558480906,14941.2594887409,14202.5507641889,13804.7912969755,14299.5717729808,13905.1921172487,14915.5941209299,15108.1094121896,14642.4975713628,14040.6646532072,14397.1535705748,14951.8948716503,15331.3329400419,15912.0298706285,16224.0353445835,IR,14162.4227264787,9.5583474491151
Iraq,IRQ,12702.1641950921,12529.6084051005,11144.0505255928,6849.33200800508,10210.5631004959,10078.4437646837,10568.9137652977,10853.8161022311,11511.9387643664,11470.5178061755,11816.841015026,12267.5848940673,13357.0143882353,13712.9317142992,13536.8227681431,13516.0271989204,15016.0920644592,14417.6306896487,14456.2357053224,14910.2250318887,12827.6345392323,12731.7535755129,13433.3977166987,13202.3228073875,12725.0431260393,IQ,12358.6404520768,9.42211072917504
Ireland,IRL,53744.5427002707,55702.1716722641,58002.5358062034,58785.2141241344,61638.3289592243,63771.5955065241,65171.5036127249,66676.4632636923,62401.4051985652,58623.1183119794,59285.8083302601,60001.0778444531,59508.9965462958,60494.162753994,65660.1827647106,81053.3527776745,80997.582776769,87942.4452615644,93214.3353844572,96369.6445790006,101970.812553816,116903.61243517,124489.378466488,115505.338321018,115337.166701374,IE,77203.0407081236,11.2541941226481
Isle of Man,IMN,,,,,,,,,,,,,,,,,,,,,,,,,,IM,,
Israel,ISR,33275.0631655978,32590.2286180761,31897.5848832705,31780.7796080985,32675.2080644863,33512.8909185546,34770.0262786336,36317.8525090071,36827.9249156064,36403.1626371602,37722.4099869836,39075.375376272,39299.3515506546,40148.7774492867,40872.5808449627,40967.3707596637,41963.675796165,42947.0586686984,43814.2949977965,44580.8078825716,42915.9416939728,46162.0822730248,48098.187235579,47527.151024672,47338.8424624205,IL,39558.2043343237,10.5855283937642
Italy,ITA,50353.4200415436,51332.2904432567,51369.1149098293,51126.2585544039,51495.0028841364,51585.6445807938,52304.2402949819,52747.1905476807,51806.3906176391,48774.3916833748,49301.6959141674,49473.0149235634,47795.9579360541,46833.3615309303,46825.6511245062,47311.8255262709,47987.8379581014,48849.2183534756,49133.143527174,49690.6298505274,45505.0688708956,49825.3934111848,52333.3274270604,52725.7461976727,53115.1350996573,IT,49763.6412102011,10.815039900182
Jamaica,JAM,9518.23176270786,9585.31492008694,9716.89555675484,10012.2870477793,10085.5908463419,10119.5337945035,10359.3160533723,10457.972030237,10328.0398014352,9838.25107786462,9654.07238394554,9778.69453577348,9676.84757123083,9687.60830353153,9719.30389895706,9778.11854236288,9886.55139264651,9964.391022519,10137.1110531559,10216.0655367181,9178.32077816518,9577.16421134079,10072.0485293402,10332.0551255623,10259.9951095504,JM,9935.28359516081,9.20384769963748
Japan,JPN,39005.9136305044,39062.2817355235,38987.9102707538,39501.806782419,40351.776374395,41075.8243580849,41613.1483821427,42182.1758636624,41645.5722078975,39279.498871012,40881.7972423185,40967.3431400832,41596.9238038796,42492.2439560498,42674.6976301321,43386.7100739513,43736.1305076612,44505.2792603684,44848.4899421798,44730.9102844958,42992.4796365328,44355.3487163354,44972.3438362201,45858.6595131439,46097.4299773012,JP,42392.5941206236,10.6547289589976
Jordan,JOR,8086.92202690853,8339.78581448441,8638.08033080173,8800.49674649158,9326.66839127918,9839.68834968723,9977.75903329275,10161.4021194103,10641.5894255558,10938.5027244703,10953.537631697,10977.4820450868,11086.0299443995,10799.3538143329,10148.99809876,9581.68922567813,9321.9045113153,9339.81039725983,9311.53116265584,9288.52709103517,9022.63930356769,9182.496161256,9266.57538251336,9381.35436036929,9520.25064497454,JO,9817.55073867799,9.19192695462602
Kazakhstan,KAZ,12935.864368308,14612.0290050498,15960.8738450013,17344.752672995,18886.5811908122,20565.5294470866,22574.3429577665,24351.3464102542,24895.6645683245,24901.3527260084,26374.8407672795,27946.1603432944,28881.2417563728,30177.4887221736,30986.4379168995,30893.7594851041,30758.3227260598,31524.4416339794,32330.2274546568,33298.2123695035,32011.5491499004,32945.8515725823,33506.2614893237,34703.2349287474,35905.4414938905,KZ,27537.203369733,10.2232932191863
Kenya,KEN,3756.63622296879,3778.25854755615,3681.2569427491,3674.08592758409,3743.5678573693,3844.73557120578,3970.73349887685,4116.45094720856,4002.88364073792,4012.19428382397,4211.52462957784,4307.10611556859,4387.93790075409,4443.371215682,4558.55155266374,4679.62182831938,4770.31046388086,4846.86210851932,5017.66784674664,5171.71264279257,5057.40115537429,5338.85243382781,5491.69378280246,5682.98916248678,5823.40759464391,KE,4500.52325038872,8.41194894686283
Kiribati,KIR,2481.41524257588,2357.58189014519,2341.69553872723,2258.03381830985,2199.67074158217,2183.78113886233,2264.16158033719,2286.44647732021,2172.35767589526,2137.96593927056,2119.64018013946,2150.38301837654,2242.01379114528,2382.37034452159,2381.34837325608,2615.84119456104,2761.93352720928,2822.66919335645,2877.60160708184,2927.48488424141,2834.68581354367,3020.49399935696,3107.77604642688,3140.5832637044,3257.13634647411,KI,2510.40627941935,7.82819988333771
"Korea, Dem. People's Rep.",PRK,,,,,,,,,,,,,,,,,,,,,,,,,,KP,,
"Korea, Rep.",KOR,25111.1377134842,26128.3915101176,27984.6394791633,28716.1691006656,30089.1713176168,31319.1098686393,32795.1568589182,34522.268257414,35293.4102047384,35390.5620151325,37610.9729146683,38698.4610967111,39420.4193918778,40483.2534082563,41518.0942296892,42459.9028857999,43538.0212717968,44787.6482354421,45890.4304094143,46757.2614496182,46361.5957811718,48419.643251351,49777.9293035291,50414.2083391764,,KR,39647.6513213996,10.5877869900349
Kosovo,XKX,,,,,,,,,7098.40301909042,7481.45889832785,7877.10199850556,8359.93621479336,8431.66232694657,8828.27683251638,9150.74997293883,9824.99105955319,10434.8888259268,10856.2902074239,11188.2244627966,11774.1178510908,11137.5028560404,12362.4210181213,13022.4627441502,14240.2030320365,16380.8685901944,,10129.2932075162,9.22318682259888
Kuwait,KWT,60585.3027103186,59099.6653440899,59348.6173050157,67984.3145416049,73298.0622200601,78193.9012534167,79521.3484751938,79474.7611759618,77036.5084233618,67896.2680805032,62956.2153213671,64844.5018948601,64908.262745514,62458.8089103273,60065.6544379887,57763.5174384765,56936.620843298,52285.5871201723,51623.8079091411,51380.6455015764,49372.572947425,50651.9575764026,51379.8833275093,47777.4012762173,45426.9453957872,KW,62143.6008511543,11.0372031286636
Kyrgyz Republic,KGZ,3638.46314292227,3795.89059344129,3760.53239965257,3982.92722017802,4211.52248307857,4156.95849230116,4240.17017797554,4558.71267894172,4894.9427801376,4969.96132720374,4876.47964886483,5092.85165751678,4993.39431683528,5418.54061993935,5513.7544695252,5600.2143342846,5715.01041179003,5861.22200040503,5951.82876758606,6087.60193826927,5537.79547319377,5736.47883415154,6139.77788825006,6575.77541290499,7046.31027413489,KG,5176.20242422662,8.55182694365147
Lao PDR,LAO,2899.01961879748,3015.63258480614,3143.22327579556,3282.9853971272,3441.16999706515,3630.55878769378,3881.53736632657,4112.25301659759,4367.162880257,4625.07173324518,4946.10563678173,5266.87866924206,5608.9695633706,5974.47368943414,6341.2122967032,6703.74124348885,7063.25545347926,7432.4596330485,7775.08574451883,8075.27502377003,7995.59502527818,8080.43553249923,8183.03286472653,8372.15591874407,8610.90166279666,LA,5831.93812496333,8.67110466405802
Latvia,LVA,14554.2131724037,15695.906718153,17096.5594440255,18717.6675525538,20574.118201251,23213.3539355881,26431.8140222767,29423.7371235063,28726.9722869522,24520.6791475489,24119.7307848939,25308.7322074626,27496.5454583635,28375.1842887263,29243.7412502629,30599.6133134147,31668.5148442662,33036.3915943437,34729.7062763057,35208.1934590859,34225.8976044058,36912.0130602161,37681.0452439337,38796.5510159878,38936.0453870454,LV,28913.9437325169,10.2720792398375
Lebanon,LBN,11571.7326041085,11817.9305012844,12053.8341563826,12272.3440677497,12882.0757995163,13024.6648924956,13003.680803908,13941.5614244767,14955.1413563252,16264.3506182706,17390.7584012958,17353.1960845294,17323.3013764282,16396.4969302163,15205.873265402,14980.020515614,15572.3611739774,16128.5838196051,16290.0516478592,15659.5661040012,12507.4366368078,11599.7755083765,11474.7505845558,11330.2687387422,,LB,14436.8224502971,9.57753733631336
Lesotho,LSO,1932.15793223415,2004.03350215955,2024.78727304864,2127.37302160132,2178.66474674332,2275.01614419256,2381.02024562073,2470.31462127885,2589.16635854686,2538.19341751854,2651.37804898226,2749.31958166573,2894.22705048142,2914.37515966739,2930.61724036206,2986.95866729879,3057.26091568162,2924.68096193272,2846.41828124649,2773.28639887236,2517.11041897944,2544.78249551214,2577.54544127769,2595.82952310453,2637.91651023395,LS,2615.83300061889,7.86933787285547
Liberia,LBR,1868.17975587618,1867.11910921753,1887.64601570733,1308.15090140274,1326.53565502695,1335.61728880785,1364.60347323709,1422.10019670005,1463.12408187297,1492.99817384053,1538.85083488512,1601.03374045996,1668.97289588776,1774.5205777394,1750.1438489328,1714.09047960464,1653.31050211233,1661.30290782171,1647.97443793847,1575.76665001238,1497.37692436272,1539.20892304674,1578.99837069175,1616.92373356695,1658.2599942501,LR,1564.51139152992,7.35532884434157
Libya,LBY,17742.3474896438,17111.4835611225,16625.0592103276,18417.8843446972,18846.2418698799,20644.0270766892,21539.6274538208,22416.1098051613,21909.429070862,20513.5632098849,21109.9679253729,10739.0931713183,20595.580038429,16553.1426523565,12495.792970176,12192.1386217463,11828.7113766913,15424.055430096,16380.8515494718,14333.4224412442,9976.03740275891,12641.5097714075,11456.0768149668,12478.1434623596,12275.9104976538,LY,16323.4757122599,9.70035957840761
Liechtenstein,LIE,,,,,,,,,,,,,,,,,,,,,,,,,,LI,,
Lithuania,LTU,15771.4269595328,16933.0225490496,18216.5452581272,20302.9848798403,21867.2861464791,23944.7019948719,26129.3392566939,29370.7739737176,30445.7809464936,26217.5449293891,26887.4913057701,29240.7487851392,30920.330402208,32474.6413533554,33975.0843756963,35251.2986931775,36618.1468417838,38774.4892011822,41019.7901632878,43062.3228425315,43091.7973723526,45873.5273239486,46651.2145810247,46159.7081733083,47169.0084190287,LT,33022.5249454718,10.4049451817061
Luxembourg,LUX,114141.585295622,116258.426812926,118757.530526236,120396.257843179,123720.261499488,124866.858810412,130284.967502381,138677.965491876,135812.22230327,129002.240187517,131432.059616316,129885.369760706,128895.405145048,129945.453783621,130247.661687069,130097.2561798,133661.649729132,132169.834045368,131733.8846493,132724.752743888,129865.629988164,136772.443753292,132573.99438806,129021.645501896,128181.703344823,LU,130024.788415274,11.7754803913781
"Macao SAR, China",MAC,55936.2413189709,57114.0575819361,61564.9271089818,67925.7083770526,83915.2210636626,87090.7213199448,93724.9882312347,102761.602782368,102355.889927866,104764.709166366,130596.314613522,155185.405305391,164065.001803565,174339.002047133,162582.448438228,123396.168427464,120754.928478026,133500.278958701,139787.663947085,133549.152178595,59791.4724884757,74177.7825248277,60089.8325820639,104961.920230969,112843.96274393,MO,110949.142727342,11.6168272016733
Madagascar,MDG,1701.44320253324,1748.50350928912,1486.43429741546,1584.74925232124,1620.11953793047,1648.17631553759,1686.86335459761,1731.61751794713,1794.40235887057,1673.15551466469,1635.24511472811,1614.5513777354,1617.79082882235,1610.60230789415,1620.35788906355,1627.58061341993,1648.91226979046,1669.72764267025,1678.78623269236,1707.8315382978,1545.72714378969,1577.43246056586,1602.71368352311,1629.46097248042,1657.0497062251,MG,1636.91991930719,7.40057165699752
Malawi,MWI,1239.39174838676,1149.58039601898,1140.84274642418,1176.12385998737,1208.2196975075,1214.7426419188,1237.27386519947,1318.33196397214,1378.42886690465,1449.72601522136,1504.37514113215,1533.22889572405,1518.14803849238,1555.50607410511,1597.56484331405,1597.69145324855,1593.59549264808,1613.0593571462,1638.91665761076,1687.28944917892,1656.43985192533,1687.59358179651,1659.95933825168,1648.43651796379,1635.85689673716,MW,1482.52247043968,7.30150028788327
Malaysia,MYS,18532.9096706227,18186.4411330146,18708.8694877279,19329.0062757538,20168.5062099425,20767.5857243346,21444.4857715028,22305.118263117,22898.0027575442,22106.6417311801,23307.9698543785,24115.8181203958,25006.3587781537,25736.3525554142,26818.4317281659,27699.6278860387,28425.3707609412,29551.5457597197,30459.9655338061,31300.5086554849,29200.452632127,29822.8491831618,32079.1515157489,32812.2997525336,34071.9449554711,MY,25639.3144971442,10.1518821749964
Maldives,MDV,13738.2809273211,12977.9990852583,13689.806556598,15316.1192843398,15958.6557897614,13942.8753908979,16829.9768382692,17439.9505021566,18344.4866647758,16230.0089275165,16730.0144246926,17581.7676650496,17390.1475196581,17986.8907576734,18765.3592239616,18829.4481597807,19345.1792347732,20036.7165518181,21072.5805447801,21855.5012283287,14242.9750825057,19052.6224904311,21357.8112534171,22286.9801856172,23351.0538990332,MV,17922.0851944001,9.79378904105412
Mali,MLI,1912.30898407596,2140.99256560511,2139.97091956827,2262.05132721811,2224.14409518764,2314.01514572099,2388.34820274568,2400.65286853272,2474.90996854311,2506.58091243588,2594.41564875252,2612.84826005922,2523.17698088508,2508.92142241824,2615.6703103311,2686.559744481,2759.10958220319,2816.19328902961,2862.40632429945,2916.17069419921,2796.41038445608,2796.22793795431,2808.52247409848,2854.82717351569,2910.81542295398,ML,2584.64243939253,7.85734245605708
Malta,MLT,31038.1250176477,30572.7694025448,31177.506721539,32117.3428978787,32032.2500013447,32745.5946310614,33388.7026589811,34948.2827118295,36252.8955933691,35478.5574145299,37492.6754847041,37704.4960044256,38899.9873251579,40882.0239374743,43121.6083126636,46127.6208432662,46922.1890069731,51578.9812583984,53367.947669515,53342.2137912334,50392.9591202549,56802.0102533146,57781.4999890174,59293.2982851636,60469.7807990954,MT,42811.3929050952,10.6645595355192
Marshall Islands,MHL,3772.21580249948,4000.73051185179,4121.83964555335,4040.65511934982,4012.34450016078,4075.15864767418,4075.57643179741,4222.41292273555,3903.30558742876,4047.22680617883,4269.35843273852,4259.11601606602,4244.04434413747,4469.85358401606,4491.99193864534,4670.10918243673,4896.52195460775,5199.34447962978,5635.30750426866,6405.07564930522,6417.18441217725,6705.87529163237,6844.33467800314,6786.69569348956,7212.33432756108,MH,4899.69694645603,8.49692863452404
Mauritania,MRT,5008.60807144572,4847.41086528495,4806.89853853419,5023.65213880391,5139.22552468863,5445.82951721956,6284.70209595667,6002.77832709959,5813.35608895899,5639.78745530454,5605.76389263189,5653.21720469753,5716.25195847077,5769.72871359233,5837.85203652106,5969.54239881575,5866.28145291802,6050.62180822952,6153.63790853695,6162.21045071341,5963.23550334684,5836.56580821897,6053.26178704876,6258.71091329181,6396.99125827366,MR,5775.14143289089,8.66131802563398
Mauritius,MUS,13322.0201371529,13659.6351447605,13784.1987532343,14495.6936667156,15028.8176367627,15205.6615966894,15871.3026347781,16703.9900458722,17540.2818313137,18073.699423333,18819.9984117523,19556.0487831353,20183.700066904,20811.4949948638,21568.8648549433,22335.2836166732,23182.0434124374,24073.2325633886,25024.1337925763,25739.354897588,21994.6659848681,22737.5729410543,24788.7664977319,26060.7329023519,27317.185283655,MU,20162.7063322258,9.91158995584549
Mexico,MEX,20470.4937645071,20078.2183907682,19744.7933652376,19701.4633875532,20127.2242879286,20277.2552828148,20965.8256062375,21102.2688313519,20992.5602637663,19385.5437229068,20058.3854848724,20457.6001663547,20898.9357184489,20805.3480382084,21069.766161017,21408.9283209728,21578.2633552956,21777.5225129207,21997.7730148117,21704.1859474903,19728.4817839998,20782.5877425331,21392.1114573777,21905.1773271473,22033.2744496619,MX,20811.909171784,9.94328065817734
"Micronesia, Fed. Sts.",FSM,3611.44958443301,3679.19077119563,3696.58532393305,3760.15045838051,3656.05384335818,3747.88375563799,3767.94490267357,3727.33731966758,3669.08649729737,3742.82979623935,3842.23612631946,3958.93215217487,3878.11226996073,3727.42606509837,3632.2415661624,3788.934100036,3794.7454587961,3811.78965209534,3796.94604537436,3938.55708833154,3850.53052491937,3944.70571499559,3813.33830831106,3814.16967708656,3823.60411002339,FM,3789.11530212952,8.23988784131028
Moldova,MDA,5727.07922525352,6090.03474356112,6580.27841436838,7034.35784911687,7573.6178454751,8161.47344724765,8577.02858037286,8854.83397616724,9563.69814290939,9001.23432081622,9649.9509930271,10217.3087761255,10158.3854676883,11080.0634585341,11641.1208436577,11691.0797484184,12377.366678394,13118.8219369605,13895.5043655692,14621.2401362286,13559.2600217483,15682.0703284654,15358.015358997,15990.479327599,16465.9286876097,MD,11108.5086371767,9.3154666375455
Monaco,MCO,,,,,,,,,,,,,,,,,,,,,,,,,,MC,,
Mongolia,MNG,5818.24307842901,5917.07088396343,6117.9824222592,6463.78966651762,7070.667158451,7499.84803935428,8043.99678108557,8750.13407442299,9379.85489687765,9095.9769892529,9507.118823625,10960.0959283864,12078.9185320062,13210.0945665668,13943.4277148653,13974.5967260365,13898.1456953585,14401.5375067562,15230.2408828847,15790.6961126441,14801.3420829185,14792.2509086422,15310.4349469163,16222.8638898529,16801.3067931352,MN,11661.0915611673,9.36401307140335
Montenegro,MNE,14431.7848931954,14531.9223440486,14749.3741241809,15055.3371759656,15693.8572759281,16325.7868930167,17702.30443254,18881.7622562467,20209.6461377158,18997.678208824,19481.4071904909,20080.6275579894,19499.9445614424,20154.0801955251,20475.5170528158,21138.9765188133,21737.994436411,22740.3863894539,23877.7240673296,24835.374565738,21039.3218748955,23842.0619188943,25429.0251416626,27043.3286028684,27852.0413384514,ME,20408.705299034,9.92371681915361
Morocco,MAR,5100.11572265625,5417.57861328125,5544.07177734375,5810.05322265625,5996.39013671875,6103.42236328125,6488.673828125,6620.59033203125,6901.95068359375,7063.72705078125,7210.63671875,7503.79296875,7628.64404296875,7839.0322265625,7951.79833984375,8198.80859375,8141.9404296875,8450.0087890625,8611.75,8768.17578125,8054.56298828125,8623.265625,8666.0791015625,8868.7119140625,9065.9140625,MA,7502.09485973011,8.92293757515401
Mozambique,MOZ,711.976393527396,785.790173616246,842.645266172761,883.239121472194,934.133964844421,970.38995609863,1041.80471709595,1095.12568701598,1141.94256161019,1178.70909947834,1224.23020471309,1275.52959822581,1338.51594866104,1385.83254864214,1449.92926632722,1512.5997455554,1537.90853271217,1532.0073576114,1538.83512127022,1528.88988354373,1466.12476474476,1457.23540930922,1476.66560298097,1511.63653474992,1495.3224081402,MZ,1287.4514042198,7.16041988753026
Myanmar,MMR,1359.93038778036,1498.31163236525,1661.73588517132,1874.17128269389,2110.23728495831,2377.90258162976,2669.32700379999,2968.3033151236,3254.73897888101,3578.17424704515,3893.79030665874,4078.61220919965,4340.99945069174,4666.95376141392,5006.50667149767,5313.88615901476,5580.98977273232,5877.87465558175,6201.26341429803,6562.98898478625,5926.83450206681,5178.44718217164,5350.47666899931,5364.13797034429,5276.29433987853,MM,4265.37964948909,8.35828647108471
Namibia,NAM,7858.38789521253,7786.54169496761,8017.28134128559,8237.36597245597,9130.82442337694,9245.1365329555,9773.29833199798,10162.2400708746,10286.5124067605,10166.2899453939,10614.6201576671,10965.2729759535,11266.6089486464,11593.5753768689,11982.6963648348,12166.5658392058,11846.7880832757,11408.7253099967,11214.38604306,10813.3044681944,9652.24827219463,9709.09930646771,9953.09752232336,10137.6726136717,10281.3356370344,,10379.2550139755,9.24756438285089
Nauru,NRU,8969.12532138639,8394.08528728651,7593.0577985624,7632.08297912929,7302.04591821417,7284.04093117445,7902.50723797268,6157.9037592831,7421.08733635992,6996.75913970068,6966.78566767605,7926.22136044445,9766.46483026476,9882.09255703103,11264.0788308656,11344.1027539731,11630.9603870998,10763.8230471354,10490.8556299929,11273.1407790468,11441.2584498431,12196.6451547687,12458.7405101252,12461.1356136464,12604.062534187,NR,9461.62684874136,9.15499961858628
Nepal,NPL,2340.81563141298,2413.8142127556,2380.24424587571,2439.49479601556,2521.54105171428,2580.23106308364,2641.34799494749,2708.7143922589,2852.60983167965,2961.83900365912,3085.31407004502,3176.65040602417,3316.50073452021,3426.5579593796,3621.73168937112,3745.26182249477,3743.7445783578,4071.70431755798,4371.38571771897,4607.52454717112,4412.5420439395,4546.22970006289,4763.38751073946,4861.23030387639,5046.81592972947,NP,3492.53580820424,8.15838334396452
Netherlands,NLD,56016.8727218416,56887.4332731111,56664.4134372303,56452.8674805644,57391.3645202468,58422.0135197444,60391.544265121,62601.6205718183,63678.4032834996,61029.7298855714,61518.5540088717,62318.1416226231,61480.8126014961,61281.288807752,62045.8563802085,63081.3941350677,64267.736357935,65666.0036593238,66758.2640145753,67847.8542926796,64862.1922496366,68573.5648786446,71324.0360349277,70673.9689988432,70901.8384173158,NL,63105.9829548355,11.0525708610683
New Caledonia,NCL,,,,,,,,,,,,,,,,,,,,,,,,,,NC,,
New Zealand,NZL,35879.7911310766,36885.644684201,37959.0650638123,38976.9126257578,39971.7705007585,40848.2981387428,41475.1217441795,42346.0894838728,41561.1820713151,41132.3368456501,41270.9285099133,41814.8851834052,42570.3332823343,43338.4373782961,44255.5046637459,44963.8339159182,45626.6818435018,46193.2884771696,46947.937247914,47277.6628302055,46104.6057908752,47996.6798818463,49618.5253338616,49083.5085909799,48162.8610868634,NZ,43696.981336548,10.6850343017309
Nicaragua,NIC,4878.24776981667,4958.32771126837,4935.48539005128,5000.6117655634,5204.38202801757,5356.95850970538,5500.40577576797,5697.21109549591,5809.09964464617,5538.3658931707,5701.12790180564,5976.25284495841,6275.7876907774,6494.14961103199,6712.21749816316,6939.03286207731,7158.75799760378,7391.19683946294,7049.02753442352,6756.59375829081,6523.3698502278,7119.16923360042,7277.82264804562,7496.5292687685,7661.60202722818,NI,6268.79798371162,8.74333990611152
Niger,NER,1190.56674543223,1233.06511808278,1248.82313660601,1231.2780915085,1192.0823507557,1233.87551052205,1260.12046671298,1252.74827252938,1300.55418500177,1277.69230957636,1336.56410237447,1318.10130997844,1403.18971067857,1423.26169034701,1462.82122998491,1471.66135329224,1500.00858681288,1520.0015371232,1574.33838262666,1612.63734693259,1615.69272448944,1585.59922021188,1717.51891457684,1689.56425367067,1772.72451186128,NE,1419.46066755966,7.25803226687092
Nigeria,NGA,3290.70566119181,3392.03528516309,3806.21589634462,3974.76787469397,4223.7979478186,4372.97561105085,4511.63952365517,4677.54184720889,4856.81280081836,5102.91640379355,5359.51848370873,5488.00481519556,5563.64167560671,5775.86634650721,5980.191816483,5985.09435248731,5744.55787877158,5651.73413165037,5628.74079442015,5628.17765244652,5410.69355517726,5491.70034068297,5552.83764994957,5593.05661448231,5665.45157716197,NG,5199.11290967969,8.55624329572429
North Macedonia,MKD,11987.5846508065,11571.1739341308,11829.6110819667,12077.1838387933,12682.6823958228,13353.7256734931,14117.4522506371,15117.4110608027,16037.1580856371,16083.3421619875,16730.1687479546,17200.2888342785,17189.048921233,17757.2495557368,18451.1900046341,19214.0158011118,19824.6805983373,20119.9428859482,20804.7762690383,21765.6854327047,20970.287137415,22142.9728721309,22820.9765043483,23343.602033567,24463.9851463341,MK,17710.6114612536,9.781919256508
Northern Mariana Islands,MNP,,,,,,,,,,,,,,,,,,,,,,,,,,MP,,
Norway,NOR,77587.2073182558,78791.3045707129,79447.0914824426,79728.7849973309,82440.9558801113,84079.9962418891,85458.5466934023,87043.4979357593,86379.6624832291,83642.0695747773,83256.7880722557,83092.4342216441,84237.1495663816,84070.4583940478,84830.2558016961,85550.2942614495,85787.6174410424,87194.1115421374,87338.4708008985,87725.7283254614,86096.0508947506,88984.1386736515,91051.0831968407,90085.5524531618,91108.2369704645,NO,85341.8517697437,11.354420255238
Oman,OMN,42086.0431536301,43492.2863754557,42654.1482671623,41247.5873733105,41351.7687385072,41551.1413844552,42540.4398485334,43696.9691440917,46586.3955926767,48304.1178923167,48191.6145135737,44440.3092616125,41964.0828578552,40854.4853548905,39639.9870514802,39813.7887054675,39860.9893909688,38691.1077105097,38673.6045360857,38292.3859682752,37560.5998714953,38719.4587682049,39780.2122774985,37709.066192411,36654.2311606123,OM,41460.1936682447,10.6324890571859
Pakistan,PAK,3531.71291531612,3559.72784658715,3563.67846926558,3668.77938852508,3859.64601808903,4042.15457513378,4185.86655659206,4257.92556870432,4233.34830715497,4270.43882264229,4228.7817715945,4246.06710882497,4292.02110293486,4407.14705841377,4520.23463399286,4645.28631071145,4886.61212115378,5031.56060738434,5255.06350681272,5295.95295138203,5135.01459288839,5367.27364714762,5526.27928310213,5439.17965127547,5530.99612925916,PK,4561.74145698754,8.42545972806596
Palau,PLW,15440.0764633806,16295.8976422598,16980.8258021307,16303.0821432469,16807.6162368691,17382.2994478592,17561.0461892411,18138.4693429848,17406.1677659432,16401.2238058661,16530.8455801225,17682.6086358457,18219.6979875132,17783.6293119204,18561.4404851498,20021.3144155668,19902.9818967731,19237.9265451734,19256.9276266916,19312.7905523834,18160.2545660593,15663.1715850087,15477.5526357323,15796.5350770911,,PW,17663.1094379624,9.77923353102383
Panama,PAN,14572.975232,14427.8299606334,14507.1438107336,14957.5532635396,15875.1126783664,16867.9609254194,18190.2741172461,20208.821572788,21867.8187584359,21822.9876932564,22739.110616805,24999.4605937327,26926.8852753071,28135.3278985154,28931.8044469554,29933.1555724329,30765.2371628659,31979.8122713942,32681.4463626977,33163.7269089339,26881.7987053989,30932.7627780516,33833.0265078284,35863.880148831,36426.007943645,PA,25548.4140031607,10.1483305194649
Papua New Guinea,PNG,3326.79859970528,3211.75932963208,3100.79509952543,3064.44402995345,3046.33289602666,3136.58568251035,3202.48730426388,3345.85030363442,3233.91811872812,3349.64345389883,3579.17141222267,3514.83277391807,3577.4517726759,3615.28323843913,3998.61805004308,4154.52332559184,4275.74858615698,4322.22282084806,4211.1454741469,4301.61139205544,4077.63132163554,3976.90380116956,4125.49303365201,4205.84773981096,4300.72597086628,PG,3700.75189231397,8.21629129212603
Paraguay,PRY,9998.59285445016,9749.25865842117,9610.74777842015,9903.45028992033,10187.1943942536,10290.1008222945,10672.9933252368,11141.8704701862,11751.1391651669,11601.2854565093,12738.5765601705,13109.4665717863,12834.8015915074,13700.7030515364,14219.354423733,14427.6002349787,14826.6636909956,15320.3366476959,15592.9841390273,15321.3245528933,14991.6606201094,15406.1670646579,15259.1456311826,15826.0875012954,16296.2836189267,PY,13124.2569992526,9.48221747627669
Peru,PER,7669.0953178046,7611.6662817532,7931.57975039907,8174.37942683849,8495.986392858,8949.95442691077,9547.91327762554,10286.3548193625,11151.530521564,11204.3768755244,12059.0180183322,12726.5999815198,13395.3993805891,14052.1376191683,14244.5660212948,14542.7930911313,14917.4489473588,15069.5221084659,15386.2601642505,15463.5432397882,13609.5999609595,15280.5512106486,15559.821643644,15327.5819994558,15661.7497711956,PE,12608.0417671677,9.44209012484342
Philippines,PHL,4740.43891694569,4778.4008437474,4856.49948429567,5003.38317718716,5229.45080700165,5386.81653712891,5578.57225112139,5840.06810169965,5987.03757861836,5965.30730902221,6273.03927731515,6388.31296959977,6697.55620962768,7016.53846470436,7340.361585912,7691.76308685047,8131.82537948654,8584.136227097,9016.28659637608,9452.2939715981,8455.18457134106,8857.78995115514,9457.10395402883,9898.53294588746,10375.9404179938,PH,7141.26638350248,8.87364540424258
Poland,POL,18566.3546288772,18800.6018648402,19166.9137058143,19855.6317989181,20878.6545002534,21568.9476594356,22921.1975887696,24484.0656663756,25553.9058406534,26204.410367111,27112.1333797381,28521.6612623568,28952.9157305301,29168.624211075,30334.8786569618,31700.3682364154,32675.3052259954,34354.5987616319,36500.4114282584,38181.6230334689,37852.8021313639,41059.5847829682,43405.0215797441,43672.7668014947,45112.5993993196,PL,30187.5646522424,10.3151853520818
Portugal,PRT,35069.8274234319,35500.2265279823,35578.5198767402,35115.3793639394,35658.1296697307,35870.3091157968,36387.5365744003,37226.4700908599,37291.504724285,36092.8107699144,36703.1140208942,36127.2948149171,34804.6331855419,34651.7717994279,35097.4096770211,35803.3574097749,36636.2976816869,37943.1150594783,39123.6147595275,40188.2866846655,36852.2283864876,38657.6677223425,41070.8613086021,41571.020335126,41883.8514202164,PT,37020.51513778,10.5192275011517
Puerto Rico (US),PRI,37298.5450447133,39568.5528383032,39879.7295566967,39876.0670237773,43355.8226365269,42555.7081189669,42133.9682748773,41888.6232716478,41358.0689136669,40772.3514249612,40777.6892825687,40972.536407496,41347.4542013586,41556.7852350074,41593.6798280708,41737.6068571153,41858.2626698462,41479.9977732034,41119.3088051648,41656.3291581369,40171.38668761,40559.474811812,42310.9585064702,42738.6457731968,44124.5409552385,PR,41440.9297826445,10.6320243135215
Qatar,QAT,93187.0628594345,92115.8257561269,94111.689385267,93224.4541710123,107023.682595438,107784.523492671,115383.744098991,109579.786495681,109206.40491188,108435.853601326,129045.005604062,145591.019362857,143830.710940029,136453.997390961,128013.987050891,123070.887876565,120054.408736518,115064.943662853,114909.945485127,113160.973779334,103061.913422502,116832.570294098,114740.12361423,116159.142564088,110945.880494642,QA,116579.080388017,11.6663251233202
Romania,ROU,14852.0045228553,15846.6020661761,17059.7972301295,17585.5740124781,19530.3825522358,20568.7165343689,22352.1632721707,24325.7806625167,27036.6964764678,25758.8641747456,24900.2303252792,26147.9394614015,26764.5812626098,26939.0387629625,28153.1072772672,29178.7445167211,30185.905903257,32849.1077325096,35065.180260834,36633.36232592,35482.1963127972,37730.3708449693,39377.9717369925,40301.5008225612,40608.4189793618,RO,28360.3278391452,10.2527465404927
Russian Federation,RUS,20104.75,21219.904296875,22319.677734375,24057.927734375,25894.146484375,27656.658203125,30022.671875,32630.369140625,34342.2265625,31654.00390625,33063.5859375,34444.64453125,35740.69921875,36260.06640625,35853.24609375,35037.15234375,35005.44921875,35570.390625,36536.6953125,37319.3203125,36376.3359375,38638.4296875,38214.49609375,39887.33984375,41704.7109375,RU,33478.4333274148,10.4186567292258
Rwanda,RWA,1016.66199090104,1093.18409838429,1220.7394919553,1220.49916686742,1277.19280440829,1360.29587570276,1446.71094686551,1516.26750609323,1641.77767401672,1699.94452992695,1779.15851051568,1874.21498172873,1988.01219478847,2032.40480194092,2106.21454365589,2238.53941469642,2316.63731573814,2351.59686866227,2493.44001744938,2667.46458436613,2520.31739425373,2733.43566762447,2892.45964942821,3062.99909649442,3264.64451474392,RW,2020.01468350814,7.61086005943227
Samoa,WSM,4638.59446502596,4941.1152254089,5183.45456244225,5425.44383557984,5568.34734622237,5914.889706043,6017.47704264272,6013.27628827658,6182.76327854773,6104.12751491363,6427.31156227698,6616.77109624949,6311.96070235072,6262.32372017912,6247.90480904723,6432.35979168525,6887.30523545285,6919.015728585,6805.04517175289,7033.52113384546,6745.30639596154,6214.01692801414,5843.77179177553,6340.60771000139,6894.88985532565,WS,6249.86369781117,8.74031493414243
San Marino,SMR,77149.4159964233,80420.7698522018,79649.5323827509,81688.3786834342,80724.8087680421,81632.1748989576,83781.5473936131,86785.0181147659,85120.2868772717,73093.8317013426,68669.2526491343,64214.1187563371,58176.3777973964,58467.9769550045,58743.5844219421,59647.6594557072,60669.8186167521,59524.5597904018,59194.0442905609,60171.0471344217,55998.0710994561,64745.1316780701,70887.573899815,,,SM,69123.0854935799,11.1436440421457
Sao Tome and Principe,STP,3852.89042721453,3907.0192818698,3942.76040695115,4161.63833167542,4202.56186898775,4371.49721644128,4644.18044669991,4698.0841696184,4873.18131120461,4919.19529822865,4882.04796466341,4876.47315792146,4919.55294386577,5072.11200195866,5223.09572886388,5210.2037755431,5388.5091334891,5521.20249597413,5674.72379094011,5702.08347071236,5742.94724858826,5732.69456061536,5632.13890715047,5541.3016760535,5480.43526105768,ST,5042.37208664303,8.52563190245516
Saudi Arabia,SAU,55962.266134279,53309.111388544,50371.9783079834,52234.649280791,54196.5514152953,54931.7942450845,54373.737695386,53318.4191601834,54407.7081673247,51760.7643987566,54911.547517012,58645.464894853,59471.682017769,57998.4816777822,58872.2671400126,58498.5399040699,57308.4637764548,57942.5484983044,61359.4653740388,62647.7141300525,57420.7335736424,62690.4966645929,67178.5902274906,64481.8441927288,62676.6979803733,SA,57501.065557255,10.9595587580443
Senegal,SEN,3093.28791602615,3149.33113703503,3075.23157503112,3170.03494688479,3240.3020166984,3301.82076160815,3301.03152414193,3316.42037834774,3359.70567090311,3371.46166688616,3403.56707165919,3362.87940537332,3405.10864460824,3385.42590686562,3484.01219749797,3593.79477120389,3710.05531589724,3871.4514678592,3998.28635303406,4070.61227058594,4018.04129277358,4173.67741399619,4228.73382642974,4304.76148720232,4495.89489345838,SN,3597.56436206763,8.18801232937775
Serbia,SRB,11105.3287997175,11878.5127870566,12661.2325409627,13272.9487742652,14193.5723366138,15076.7167719493,15726.5248169658,17027.1357157595,17982.2767717474,17487.1460184544,17840.4347951655,17985.5794557541,17992.8097480545,18162.1902958482,17921.4348094092,18246.7899524804,18888.3266046834,19437.9042052637,20453.0815797262,21539.9212928014,21477.8772156464,23404.9971079312,24633.0697790232,25740.2023235577,26884.4627738271,RS,18506.9169505483,9.82589983040609
Seychelles,SYC,20633.6746950761,20147.4187656167,19777.7525249721,18825.2206936189,18356.4711447212,19917.1194534221,21341.8597526003,23117.8555224771,21990.3685269705,21361.1307875284,21708.7554506566,24406.4129764106,24919.955210328,24770.6514591795,25379.4180707013,27032.2083880002,29905.1347389952,31595.6680570505,32841.4242467381,34346.0708923483,30056.1994300968,29979.8272686091,27978.1770550937,28635.3563581744,29241.7758048825,SC,25374.6835458497,10.1415072451668
Sierra Leone,SLE,1983.28872384614,1750.92464516643,2091.14110506622,2198.2572054634,2262.8721288184,2298.72384461378,2344.86224500738,2379.94446774648,2406.81530678537,2378.72061176339,2461.98104777802,2592.85893546121,2795.43889111142,3127.53945227621,2815.05858238972,2630.53498647132,2734.71898873403,2755.90428922426,2769.86967708939,2855.22906606837,2755.10252450787,2851.95208070348,2937.37346508684,3037.67643900828,3092.8305770948,SL,2612.84433368977,7.86819468995719
Singapore,SGP,68314.5444027166,65784.4018813783,67744.2702679808,71877.5348633552,78039.024710382,81841.1587801055,86463.8283836607,90417.8073849967,87329.5937792686,84843.5194001734,95456.1893079996,99296.7561111269,101187.825333454,104359.030680724,107066.858613992,108953.724294287,111579.742684331,116471.820764776,119927.769127927,120114.133894235,115893.042395938,132617.354020876,133571.962410322,129555.245509242,132569.525225795,SG,102027.645123598,11.5329990861678
Sint Maarten (Dutch part),SXM,,,,,,,,,,50980.9400838983,52140.59965779,53786.2462000327,53357.003462797,52801.4031054792,52439.4736756048,51375.6032503737,50817.6814942681,46088.3583839152,42154.1020267504,45996.7912346922,39265.7616790568,40507.0672411717,43877.2491431337,44894.6934642899,45821.8077205675,SX,48032.1982735502,10.7796268623717
Slovak Republic,SVK,18335.6475317214,18906.5643905228,19748.8931862284,20721.6722176319,21842.9135856629,23257.1302921578,25331.8243974735,28064.1907495761,29544.0327209062,27880.3565059988,29745.8613949846,30468.7660175654,30894.2512802,31078.1239404759,31888.7428824598,33507.7257197683,34116.3833709765,35042.7172449514,36415.7207156685,37194.1375926927,36201.4154630885,38346.0935768177,38623.6710646264,39497.5351131715,40346.5748138478,SK,30882.3708651401,10.3379407779124
Slovenia,SVN,30063.1185898035,30864.8593872124,31838.5469043586,32835.993386037,34306.7388496443,35567.3052544187,37548.8841971027,40005.2467444859,41288.9727557999,37811.5788513485,38065.7361511822,38235.7228432229,37043.0646872377,36688.0834957932,37664.6519433353,38537.0951946684,39677.4171473288,41703.3039484681,43371.9809596182,44580.7777658794,42474.2247069866,45914.0572392406,47064.1517944284,47868.3860088975,48495.889687081,SI,39549.6327649765,10.5853116878171
Solomon Islands,SLB,2276.84179783181,2055.29231157428,1960.44099136828,2050.32660130823,2168.51793324474,2287.25998872366,2340.6604589811,2384.32548500521,2489.79253587846,2514.88602810465,2682.28528597917,2777.47103292054,2743.45333110509,2783.59441825086,2716.41807243695,2664.73035972978,2715.23385754381,2703.66071358541,2686.12000734241,2661.59973434363,2515.12832791992,2518.42162368541,2517.92542114712,2523.6188536348,2527.07485921558,SB,2518.44868464724,7.83139838961471
Somalia,SOM,702.597884642105,723.120180319118,749.644477800483,777.605443472158,802.77163830945,830.509147724838,857.685803053548,887.050959226108,918.802293799713,955.877228274248,994.868463102852,1053.9838388457,1114.4041510607,1197.29191546886,1258.82249426267,1343.44296664306,1383.65853160293,1527.11215779223,1504.43908725289,1491.10760399509,1396.05343344361,1392.46425983265,1387.81374207492,1402.46991851717,1408.27829822017,SO,1146.72179797981,7.0446625401771
South Africa,ZAF,11197.5148952493,11401.4310542259,11711.8839542088,11937.7154170418,12356.3163369664,12877.3063105512,13460.6894225103,14033.4008432554,14315.1896495205,13927.7288929376,14182.3342847818,14451.929184196,14581.5889567472,14699.0668127928,14661.2624348251,14559.4743780889,14519.030855302,14591.4366758593,14571.3756333595,14370.2380390151,13266.785814741,13711.2935730474,13777.1927520564,13690.389458307,13598.7888656984,ZA,13829.7104400051,9.53457448734671
South Sudan,SSD,,,,,,,,,,,,,,,,,,,,,,,,,,SS,,
Spain,ESP,39945.8971298178,41224.2924057393,41766.0378188791,42223.130174522,42793.3902326006,43570.7652574033,44572.6815459931,45301.2843416374,44926.348951812,42852.220888454,42695.5274189933,42271.8346788238,41034.0481566356,40594.914008768,41339.4111169417,43053.761430314,44274.6676149922,45446.2508575695,46325.2099441141,46896.4171141424,41553.4477945675,44251.6658222621,46649.5635364824,47341.1717852534,48373.0455699185,ES,43715.170476871,10.6854504713414
Sri Lanka,LKA,6428.61341890463,6230.03051864853,6409.86278893446,6741.01248849424,7059.91098068568,7452.74234124518,7970.66491021045,8454.2067533326,8897.82686006864,9156.31906483165,9832.18622337307,10618.4925999943,11447.6937741445,12249.7223350448,12909.9663066055,13329.7793438947,13845.6146782368,14572.4858214565,14759.8248945765,14637.44429132,13886.6513728651,14316.1352225683,13249.065064602,13024.9404319855,13752.836740386,LK,11128.2976612941,9.31724648210374
St. Kitts and Nevis,KNA,19840.5800645267,20648.7889741472,20813.4050029806,19927.1818314137,20661.3458642993,22612.7126559455,23258.9842253211,23330.0442404195,25898.7823620981,24973.8045286303,24997.5672513428,25380.0087348215,25114.0572603244,26532.1016561725,28530.3072249013,28729.566447667,29867.0265589791,29948.9200065682,30576.2486749244,31512.1943105684,26736.9283563771,26896.6177065978,29712.6855810274,30966.3311462509,31270.6888200244,KN,26226.2191648923,10.1745149208357
St. Lucia,LCA,18818.8855989431,17993.6372662268,17911.6297765068,18522.5129630157,19715.8297745985,19491.2182260584,20551.0599501307,20759.3043872305,21651.233776084,20907.3343580129,20849.0551242245,21637.8686925992,21515.89963362,21029.2888872138,21214.4773346334,21142.9733304366,21775.4737658629,22422.5970388018,22981.9179294013,22738.2471068581,17142.044063192,19101.1652956676,22962.2818144554,23403.7440265988,24252.4688588491,LC,20883.0526025092,9.94669322874895
St. Martin (French part),MAF,,,,,,,,,,,,,,,,,,,,,,,,,,MF,,
St. Vincent and the Grenadines,VCT,9999.05879203685,10177.8094583896,10736.0878714164,11475.3312414531,11979.907294501,12320.0710011077,13233.4068930431,13732.3622591495,13850.3936790063,13723.7838252622,13175.7230154228,13168.8964291743,13397.9632982701,13804.1837951887,14054.7557017317,14523.581195573,15212.6197600325,15533.2212821544,16139.0661084965,16365.3255785124,15763.7054382539,16200.8994597845,16835.023514541,17858.2446468702,18714.198849353,VC,14231.1160585884,9.56318611798653
Sudan,SDN,3575.85205078125,3701.548828125,3814.31323242188,3946.92260742188,4041.05712890625,4152.32275390625,4299.97412109375,4415.78515625,4446.40966796875,4188.0546875,4219.8369140625,4467.6259765625,4145.931640625,4130.48583984375,4207.50048828125,4159.1943359375,4174.56103515625,4061.01831054688,3816.65991210938,3625.52319335938,3401.24975585938,3248.9755859375,3132.0771484375,2181.0791015625,1871.58911132813,SD,3921.66175426137,8.27427075986053
Suriname,SUR,16220.1790603262,16556.9440609927,16678.0718706582,17383.5015505612,18585.5170864176,19220.2839696605,20113.6707547695,20902.1391589279,21515.8119551093,21906.4105447498,22772.475454369,23829.5332856393,24193.8412373922,24624.0219854601,24414.3554759734,23327.5252497447,21950.4122148625,22070.5137570835,22938.5353715545,22966.7405999125,19091.3617184226,18458.234999681,18742.5873760369,19043.7052869285,19413.2971787064,SR,21124.0568592689,9.95816780551364
Sweden,SWE,47875.0844662248,48396.4480131984,49337.9339663754,50079.2644126515,51967.5521829866,53205.8786711631,55381.3956841034,56745.0382579962,55784.9313453087,52957.8847419787,55527.9398099145,56853.8371607227,56200.9022565602,56360.7084200436,57085.3853562625,58975.977889509,59608.0874555511,59883.6677649278,60318.460717919,61232.484852732,59572.4747596976,62731.700616293,63215.4363049851,62845.4832267808,63258.9079924002,SE,57085.1102661119,10.9522985957213
Switzerland,CHE,67378.3901472877,68008.3441852856,67446.4044310268,66926.167976443,68263.4411390817,69692.5954827493,72077.8598470308,74234.3010991931,75355.202488789,72709.8138293408,74290.2619629279,74800.8886353533,74883.6158924249,75354.1550500884,76189.6018443969,76566.0772542148,77301.2124304858,77626.9027376941,79261.3563641288,79596.7029465098,77324.8870934007,81001.4111206118,82777.293582076,82302.049182258,82026.4087304591,CH,75271.9182904648,11.2288624131624
Syrian Arab Republic,SYR,7807.92995548742,7698.3969367866,7811.81601910972,8177.54506854394,8528.65604597154,8828.94590461523,8885.80539630373,8829.30906367425,8903.77225264131,9284.10162126587,9546.56048805399,9648.82426718361,7144.37244952745,5530.97472757035,5301.62535257941,5302.07413721497,5022.1127178437,4977.79210063798,4956.09296464777,4825.40602053761,4633.34951847728,4592.83860100874,4454.85373271464,4189.83757087762,,SY,6789.84845550003,8.82318390152607
Tajikistan,TJK,1365.23327447129,1467.39882474638,1594.93890470219,1736.64039749855,1878.28696227255,1965.30020458256,2063.288508243,2181.89798056536,2308.09430040334,2349.50030269416,2449.27358745359,2572.48074895498,2700.09546037358,2828.38542075147,2943.08867917317,3041.44479553257,3169.9667820524,3312.71202243506,3479.69235966041,3649.88375518646,3724.7489591466,3985.91247611219,4213.75618362687,4472.32413787771,4755.93296704719,TJ,2846.44149678631,7.95382489549639
Tanzania,TZA,1839.93664550781,1899.74536132813,1982.64428710938,2059.83740234375,2155.24145507813,2253.09326171875,2334.1044921875,2423.61596679688,2493.25927734375,2560.81103515625,2654.80346679688,2779.70776367188,2822.4853515625,2924.86328125,3027.56909179688,3111.44458007813,3214.24682617188,3319.37670898438,3392.68872070313,3484.63256835938,3449.82153320313,3493.0830078125,3546.98095703125,3620.79345703125,3713.26293945313,TZ,2868.41384055398,7.96151448717945
Thailand,THA,11622.5250278537,11901.3182104659,12512.1831324963,13287.3048987459,13997.0013867292,14458.2551810695,15051.0606748719,15742.6552891781,15891.7823409885,15665.9031153449,16730.3697884488,16766.3477057883,17869.6376607459,18242.4256715363,18324.6144674875,18811.9975100064,19370.6087810117,20094.6778762603,20879.9027821449,21277.8392684764,19957.257140917,20242.7700035656,20762.7952598527,21191.4540309274,21737.1779720129,TH,17596.7656348451,9.7754703933909
Timor-Leste,TLS,3785.59231060513,4040.39445567967,3482.65272216693,3266.50743247743,3236.52246873424,3265.50494185623,3040.40523140601,3258.12675718008,3532.57027869107,3794.17143096859,4049.18500821034,4191.80291519179,4299.96964434068,4342.35346877716,4447.48458145474,4469.9361133122,4517.58126947439,4292.07814171481,4210.49050268859,5096.451711278,6598.03459881019,6824.79233858928,5347.00759041217,4330.46385568831,4186.21470887981,TL,4267.91331833742,8.3588803025475
Togo,TGO,2096.8590980088,2059.104879543,2084.23035181359,2168.65126437284,2093.01482434117,1944.77951063788,1941.17299016862,1863.28302167894,1883.54937890364,1930.78017936473,1988.95210506479,2048.81548870004,2121.42903155248,2188.07010810966,2253.48526218314,2317.54781080269,2355.26826551519,2389.21244832869,2442.64693857392,2501.03087536243,2490.05293780864,2577.20196322069,2662.25917134822,2767.51655834427,2849.60384966171,TG,2227.86138573619,7.70879738445117
Tonga,TON,5808.26509143355,5860.08077786938,6085.11323193629,6053.87986606393,5900.45741291397,5828.37054398021,5670.91418428693,5506.65177833755,5758.56828665222,5453.87514548886,5488.75040326598,5847.44389420772,5907.2671160351,5951.69432111241,6096.8692341643,6194.63931572397,6639.13653249305,6862.66865889837,6896.04176305785,6875.02538396695,6995.31729495122,7034.92496985232,6901.73837332727,7075.55624772951,,TO,6228.40472538391,8.73687551565042
Trinidad and Tobago,TTO,19662.7495821798,20392.8837372893,21904.9209746374,24942.7838566885,26792.2380354332,29574.3347500592,33391.5372938659,34838.2861034932,35871.2973552818,34256.162748084,35190.2166646803,34814.3717336274,36950.8079642947,38033.8984209235,39299.0859114493,38951.9245689512,35955.5019486085,34153.8842625524,33753.5952978301,33793.7054651147,30723.4035474329,30424.6648858287,30793.3998304425,31193.9157013861,31689.7318842923,TT,32981.9971509393,10.4037171507064
Tunisia,TUN,9134.40503123017,9380.55287379366,9407.54643469314,9752.01371301749,10263.794269827,10529.1483318403,10983.9101271039,11613.9119959357,11990.1830687173,12229.761822093,12458.2573541291,12068.7003710793,12436.3821530724,12587.9812395618,12823.9888072464,12802.7610370157,12803.8736135284,12953.5232061615,13163.5905902886,13249.2240908099,11955.5659209798,12444.3264026887,12702.453583942,12622.9603929417,12713.5498473821,TN,11992.9026603033,9.39207030882284
Turkiye,TUR,14737.4417410446,13718.2779131299,14427.7608625445,15083.1352817439,16376.9647430877,17659.8983161707,18693.9010385269,19605.1679020557,19516.3851753358,18320.4489220562,19564.7888953107,21439.0690551907,22181.1207770887,23756.2730417486,24595.6990587674,25746.4324494749,26246.4947118354,27851.9820029666,28305.4612484943,28132.0535745359,28378.5520849539,31338.2665190246,32748.3189010181,34282.5365042547,35294.3936777926,TR,23375.0323211903,10.0594237368807
Turkmenistan,TKM,5112.52948147352,5228.80329286491,5138.87117760604,5203.85438131761,5360.22429910532,5945.95239804804,6476.82805700551,7060.14844993043,7944.99590073106,8264.86534322735,8842.33283585112,9929.68934634645,10794.2335233663,11633.2905987757,12544.3983464061,13057.8303253557,13552.8477118745,14107.6671199289,14648.135352725,15231.3056176565,15791.1775857601,16434.1399060353,17119.5744946142,17866.4041809169,17953.8457867577,TM,11043.125770572,9.30956341114935
Turks and Caicos Islands,TCA,,,,,,,,21878.8206013071,22689.3160133769,17512.1977777876,17000.2227766463,17147.424764127,16024.6915652254,15461.873511271,16138.8487604249,17201.7720345933,17625.7202843515,16498.6912913939,30286.1196112151,30611.2130237381,19702.5368196855,25056.4880515569,28209.6242536079,31839.370538197,33390.5267148059,TC,21228.5253928533,9.9631010936346
Tuvalu,TUV,3721.89947875243,3705.59238735794,4042.90117614992,3838.4036432854,3704.92725890715,3488.53634577403,3532.39942573719,3737.8786751003,3933.37396710875,3638.18761780626,3506.0602338093,3687.43927331262,3558.15237041254,3690.24204295331,3695.95345179619,4088.76579910847,4333.24899362162,4464.25884629937,4575.86900510424,5292.03025969422,5154.45957834015,5352.97862537897,5498.18455447209,5812.39924537753,,TV,4210.30229043407,8.34528972705218
Uganda,UGA,1487.00498853512,1516.96423755695,1598.5828380849,1649.1482601448,1709.36159216857,1765.03788457066,1898.97915280479,1999.0624896434,2110.10049271503,2188.29916246327,2244.60595194584,2384.46532731541,2405.09455932767,2420.88808087266,2470.50380909598,2520.0201028843,2554.22769062073,2543.84754394956,2613.87976413963,2689.41009144919,2678.00907202293,2684.92035939744,2724.90609568409,2791.05576885861,2881.8659466843,UG,2302.01845864361,7.74154160777427
Ukraine,UKR,10364.0625,11379.3857421875,12092.7890625,13342.8798828125,15021.06640625,15610.5732421875,16901.5078125,18374.013671875,18883.986328125,16092.7958984375,16811.794921875,17783.95703125,17848.740234375,17889.091796875,16978.8125,15403.7099609375,15856.8125,16310.3603515625,16978.984375,17636.5546875,17092.5390625,17846.408203125,13787.12109375,15916.9580078125,16319.8447265625,UA,16384.6116832386,9.70409786132438
United Arab Emirates,ARE,92547.229034458,88045.1975134384,84871.6027535708,87150.8833791823,90388.9837700252,89986.1311216052,92044.5126067714,84581.8658071611,77891.9885982726,69357.9974277425,68799.9308534482,70662.515951892,69158.8266382581,69806.9559826784,69409.0370414882,70234.7317493103,70573.9927090434,68871.8495814229,68854.9699017468,68887.8454078334,65784.6769384678,67401.1212929253,68867.8259301261,68577.5405629087,68584.65491599,AE,74643.8993639037,11.2204840764383
United Kingdom,GBR,43247.6363841289,44189.8549094421,44793.3260796919,45990.7158894902,46853.7925502932,47804.7852704727,48584.4359655863,49472.9859832834,48963.0231634107,46348.7534285525,47013.8824059552,47178.9199174847,47550.942852854,48083.8034269041,49250.5599904054,49983.3485901235,50540.8797670822,51601.1404447081,52071.2696607082,52645.5441982903,47144.7221502814,51004.4271714238,52982.1749240341,52502.915327751,52517.9848574945,GB,49016.6522344903,10.7999153608799
United States,USA,55038.6224973696,55017.3049765671,55436.1169800356,56498.2078312289,58131.6336843365,59604.7536363554,60676.5655689312,61306.596939243,60798.4338397205,58714.9736895542,59789.4129077609,60245.4843989068,61134.5306079914,61958.7234408783,63018.8033934415,64359.4725898758,65017.6549627249,66155.5555685457,67719.7656402495,69112.6026870666,67342.0709283912,71307.4017277218,72679.2575396157,74158.716416669,75491.6084348903,US,63416.6697717838,11.0574820360196
Uruguay,URY,18752.0578112966,17986.9007596433,16572.7881760134,16694.4389231595,17519.3796251133,18811.3195971021,19560.0817556405,20803.893182056,22249.3835165533,23138.0820687014,24879.8350192618,26099.3215293803,26953.2811065384,28119.4833341404,28935.0974409271,28941.6294107011,29332.5672615246,29762.4333171685,29757.9388543783,30010.5742615797,27788.1854968153,29431.8850087471,30804.7032775797,31059.2537072459,32038.7727288227,UY,25328.4343577422,10.1396829312845
Uzbekistan,UZB,3410.65044991898,3509.72863761694,3604.69346202514,3711.77853054423,3939.53039814876,4160.95512970703,4413.72281227266,4764.56391427529,5115.64391465594,5439.55068123847,5760.80511957791,6100.25100998284,6435.56467226429,6797.77494784494,7145.10980664151,7529.76364274179,7839.97820100236,8047.05375469466,8348.96057873127,8755.12593984949,8727.41104939223,9247.64382703929,9607.56167273449,10007.685502618,10450.2051402852,UZ,6613.68766218103,8.79689666868627
Vanuatu,VUT,3342.16726611561,3148.33464010844,2911.04134701796,2962.03107292134,3005.7972638979,3089.43704035767,3270.70237527624,3283.36553319501,3381.3856442609,3396.73599458144,3359.84954476435,3390.96103912605,3350.77088958976,3292.23424552552,3302.29177948689,3357.63888534017,3397.76730446486,3465.91968561103,3482.02272525908,3512.07197251667,3259.995437532,3135.8366494568,3222.83595459348,3118.39603265684,3169.23242933515,VU,3270.41310988327,8.09267158920956
"Venezuela, RB",VEN,,,,,,,,,,,,,,,,,,,,,,,,,,VE,,
Viet Nam,VNM,4349.22348751462,4570.26846577385,4809.62151118535,5090.28990869885,5421.09702829122,5776.36304451268,6098.24495436514,6418.54381402878,6659.13561432066,6914.33863589546,7274.73310698016,7652.61895672271,7979.86828926859,8324.19871250047,8751.88280634375,9248.02396069622,9743.1882231455,10290.5487142244,10936.8937859558,11628.6139147451,11851.3965685649,12048.9019935536,12979.7639049934,13545.9346616752,14415.2159532813,VN,8611.10009593945,9.06080735882318
Virgin Islands (U.S.),VIR,,,54299.2298699394,54086.1547945673,55883.4545510864,57838.0977142823,59911.7224453162,62332.9445371348,63057.6263123638,58895.3056899496,59272.2456856343,54443.0686942498,46422.4151236224,43563.8864931407,42853.8986599185,42739.0835022993,43502.4336941564,43277.1546523522,44205.4071324394,45632.6364715693,45055.7829303523,46893.5496988742,46479.2996685326,,,VI,50983.1142057991,10.8392497628788
West Bank and Gaza,PSE,4520.88992531975,3996.50878001821,3409.17287422698,3788.92652721128,4503.08034061409,4885.07252184444,4714.37331793342,4769.52328096801,4984.80579890695,5270.6633164322,5432.24363072522,5805.32115329251,6009.10925822042,6142.20204342591,5990.42661523778,6072.65031768549,6464.13352537371,6426.79521615335,6342.9374800852,6269.89134527985,5423.68254653126,5663.12160743584,5753.08395899307,5361.13098084938,3845.50297375419,PS,5431.01580261029,8.59988146773606
"Yemen, Rep.",YEM,,,,,,,,,,,,,,,,,,,,,,,,,,YE,,
Zambia,ZMB,2220.5653712714,2268.96965564597,2299.33289188114,2383.87611741089,2471.72073328685,2564.47560965912,2673.46151928529,2796.3529332184,2908.14362510668,3065.84420108998,3266.50749293829,3335.64339500657,3474.55252844092,3535.22449043144,3585.57748507131,3576.92544834125,3598.1716602339,3612.50597664593,3646.95966481655,3591.56418883108,3391.59541156095,3503.03491418372,3585.12379084347,3673.4841969922,3716.037353331,ZM,3206.36719433072,8.07289386008912
Zimbabwe,ZWE,4071.01879493332,4102.08347374101,3701.4551630322,3036.05335744546,2828.84335235764,2642.17228645763,2519.82737436022,2395.9888431511,1949.03489400299,2176.86451056307,2563.47835069731,2875.90206119283,3301.1662321392,3319.77208601676,3352.38134856227,3366.63371346725,3345.31502335074,3453.50573857064,3572.9813398596,3294.80389162738,2987.26841265633,3184.78460176113,3323.1183183042,3442.24888695458,3450.12970768715,ZW,3028.79999029684,8.01592177725143
Africa Eastern and Southern,AFE,3175.46723177352,3207.57029489769,3247.65591083583,3263.22444862075,3361.79373004443,3482.9408090148,3620.75194734932,3766.89717949646,3836.01907316478,3768.18601622239,3862.65127876421,3923.03721753167,3930.40072555055,3990.23757835255,4052.02469329039,4075.15966127461,4074.18759130693,4085.46623293064,4088.40283108133,4073.65398935977,3861.06881616553,3933.58090529567,3974.24421369721,3948.14272105098,3968.96375122681,,3828.16943501822,8.25014201361479
Africa Western and Central,AFW,3162.41674664402,3233.54436779727,3430.63612928621,3515.5625884227,3685.55112744516,3791.26702411735,3880.96055016547,3971.02979930809,4099.56941791379,4217.71731855677,4382.42056569202,4471.20411865185,4579.60490841991,4717.23800522477,4846.98660183351,4858.28817653025,4755.00082196337,4751.50227451614,4775.85902903245,4822.3101802657,4670.07043100122,4746.75278504545,4825.13823969045,4872.76800055467,4961.66399591082,,4393.9744588017,8.3879894401834
Arab World,ARB,12881.0328760912,12859.4146361547,12707.145873377,12833.6006302565,13663.0868987049,14054.8164338488,14539.6507502031,14840.5941926856,15297.5459130533,15113.1776767141,15528.7162924079,15846.8026816515,16052.741432578,15995.2578970327,16048.9162962067,16265.6539800487,16496.0260483219,16462.4596821227,16640.6897031055,16697.6362616629,15717.5789210241,16139.986754568,16877.3757576586,16752.2099741562,16670.6710599318,,15480.5304568813,9.64733841379701
Caribbean small states,CSS,17148.1644144972,17444.9770334156,18069.7083883365,19258.4533346886,20169.4575295145,21227.8314864987,22906.3687606144,23735.0223150586,24117.9331389173,23295.7366659694,23691.272055934,23810.4594175136,24749.1122821788,25091.5825353283,25579.8887780014,25332.2764814385,24289.2195704338,23869.0410553471,23961.6926958978,24041.2285755557,22176.6646476983,23346.6288582155,26908.7521021203,29498.9144745225,33843.34144377,,23596.6929613538,10.0688618524386
Central Europe and the Baltics,CEB,18868.8798844352,19593.1441276016,20439.8226347906,21309.9119741956,22668.5042921492,23840.0793442526,25493.9558739697,27208.340990657,28471.5565237569,27514.0937175887,27960.610130372,29056.0036046031,29388.6363782738,29681.3228428049,30744.2819664967,32057.4204619073,33066.6375419367,34902.2807089348,36784.5267732171,38355.0542500594,37324.5808923925,40160.7526744665,41866.9657538009,42171.1011586866,43045.2720302283,,30930.2927495142,10.3394913305394
Early-demographic dividend,EAR,6085.12576455972,6082.17900526787,6122.63250061195,6350.26145149927,6638.13575891271,6926.84310747503,7240.89956318051,7551.61752295612,7702.85496506538,7730.64155341304,8115.213362679,8407.46269508271,8626.24516005554,8869.64683693876,9157.4035820836,9490.20393473658,9840.53328520843,10199.5487468797,10514.5461277099,10684.7741098389,10139.0530457977,10774.1328081441,11314.0312074104,11768.3821259643,12111.9637518889,,8825.68470234744,9.08542146546007
East Asia & Pacific,EAS,8248.93848765954,8481.63405886795,8837.47261716136,9262.48315307641,9787.5349779234,10353.4627715831,11014.0859280309,11829.1172259249,12336.9515680455,12672.7234847355,13604.4531745589,14313.0337640085,15001.4484068505,15717.65420231,16412.2994186638,17117.8399284924,17848.7047049847,18679.4740780996,19526.1647123089,20291.3904913333,20199.122792753,21435.0482096434,22097.7211505821,23016.8277954295,23953.9182433196,,15516.1370252954,9.6496358597464
East Asia & Pacific (excluding high income),EAP,4657.75106915703,4911.07080504683,5242.24855769675,5642.35511223984,6083.55653234887,6602.18655830256,7224.9128927874,8000.22158803778,8584.77854177496,9145.73724514214,9942.23832558573,10666.1974899639,11359.2218546408,12057.9034138318,12769.3077836461,13493.3777906212,14243.8194414902,15060.2491660496,15924.9804921316,16754.1630183157,16816.8740665455,17966.4033360026,18599.4928875223,19521.5904690702,20452.1532043925,,11895.537116534,9.38391857653341
East Asia & Pacific (IDA & IBRD countries),TEA,4713.36479705977,4969.49745927138,5304.35900119398,5709.0049060235,6155.29787624223,6679.83809495856,7309.61322267136,8093.67275155323,8684.70035343243,9251.8083823202,10057.1361239761,10788.9912995983,11489.3762802488,12195.4391183495,12914.4138868757,13646.2327189553,14404.6763872539,15229.7398691513,16103.7765540715,16941.9643751624,17005.2114225129,18167.7024067235,18808.1868423492,19741.0012298285,20682.3747771825,,12031.0065047024,9.3952424716952
Euro area,EMU,45551.354042732,46414.7820145124,46654.0673380972,46785.3175399387,47612.4113468477,48221.1286559701,49603.5457550853,50844.345357925,50804.3618020505,48333.6051121986,49189.2232107573,50096.9983075088,49485.049906284,49298.8893842792,49915.9029231726,50832.1172687603,51624.915548756,52857.3692313351,53638.5536717395,54413.3877787576,50964.9886905069,54187.8047485764,55902.2482497342,55940.0899840823,56326.2257220068,,50782.1055369256,10.8352993183007
Europe & Central Asia,ECS,29840.3599948851,30566.2808943025,31151.1288416067,31866.8308103529,33038.3334055415,34031.4651646272,35511.2217569364,36980.341028815,37451.1377069118,35503.6952114708,36392.7153306428,37343.2091059984,37463.9191888153,37729.739345555,38210.5687922943,38660.0511646252,39174.885724586,40198.4881167771,41007.3717259933,41700.0302289579,39619.5422546047,42234.9333076899,43268.7448494205,43956.4691954091,44689.505726829,,37840.6737389833,10.5411398279487
Europe & Central Asia (excluding high income),ECA,10077.2101377579,10235.2124794638,10827.1060889062,11552.1202189666,12633.0056781324,13541.9968806335,14608.5132118913,15690.7546616866,16106.5641301959,15202.8387738182,16053.6836076697,17121.2568545812,17548.8817015701,18329.6832134253,18450.1625804974,18602.2438159157,18897.7719958134,19703.6859051342,20222.3838125481,20554.7821705804,20316.7519594516,21837.877524097,21980.5510726205,23256.2909679829,24005.2125047822,,17410.8594011872,9.76484939404752
Europe & Central Asia (IDA & IBRD countries),TEC,14576.3798464537,15106.8990927063,15874.1161983318,16907.8189848853,18252.3883734135,19414.6085077818,20949.1342071053,22607.1825513093,23600.4303804699,22200.7037730232,23110.8581926942,24272.9302681379,24953.7868301722,25539.1591180986,25789.207944427,25768.9844646769,26044.4233909379,26911.7345010974,27766.9425003922,28397.7776157352,27817.0186519078,29735.6468229692,29986.7071727141,31312.4676349579,32416.0088318331,,24418.8194584199,10.1031094032701
European Union,EUU,40167.4450069967,41016.187438812,41430.6376213802,41736.846784077,42733.5537785379,43484.2230818926,44953.4747749928,46281.7896724047,46530.2295022274,44438.8291359434,45260.8745913988,46216.5946566909,45800.6175849921,45735.4621899944,46465.1387109617,47500.192957227,48356.7060423828,49714.6806137495,50726.643502931,51683.4644275226,48792.1177780538,51978.4977694229,53686.5685861589,53779.4806293794,54290.9907058952,,47149.3920178328,10.7610763933408
Fragile and conflict affected situations,FCS,4207.3429293322,4315.76519771002,4416.27184078567,4383.81836192409,4802.11974897586,4940.70902272598,5131.5503915498,5339.76062551514,5466.67230894075,5344.39058153398,5561.58834411704,5582.59008657376,5654.26915195746,5669.6656353334,5598.79408427771,5526.5921585896,5572.5376192427,5590.01487383824,5634.66494671958,5674.90330779932,5298.71060981773,5273.78603792835,5080.65667027165,5082.95427206351,5069.79338550823,,5301.22821274915,8.57569381094761
Heavily indebted poor countries (HIPC),HPC,2094.20030700966,2111.07594793212,2136.74449433067,2162.1972445477,2223.08013410686,2286.11875698257,2353.10827969178,2415.4456851017,2482.93587542615,2506.03961703792,2593.15285425698,2635.29387681319,2664.46984213456,2737.18844777734,2809.51378191815,2860.05054340291,2905.26022004748,2962.70446939103,3000.16834957568,3047.76623784264,2969.08490616678,2997.16241493128,3054.56223261611,3072.07516521986,3144.71541954507,,2676.09651951452,7.89211448917558
High income,HIC,41003.0159050957,41524.7638461007,42060.2502472079,42913.3873210527,44305.6155855664,45478.4500857638,46856.0675106587,48080.307197087,48267.5834826114,46254.607072241,47506.5812723565,48413.2522299713,48866.8669278213,49344.9911057786,50113.0358279504,50871.7881786106,51469.1675325568,52524.2941361261,53620.6976180605,54478.7429580826,52198.9755412903,55348.597710925,56725.5667459535,57349.3500894924,58151.2731989663,,49684.0080171439,10.8134383900268
IBRD only,IBD,7102.0335391796,7276.84421776549,7515.07938252275,7869.64666238298,8371.55364049287,8850.14485674497,9454.55278498471,10151.3269792604,10597.0711062978,10696.7159719675,11363.9038457374,11913.0432009872,12383.6387924843,12846.3346171141,13283.8919973228,13687.0209946096,14165.4414188775,14738.7703070363,15317.0778691509,15779.4374584361,15370.6572698761,16411.8743551053,16953.04900839,17711.8914299463,18388.5795061161,,12519.6419977149,9.43505404981354
IDA & IBRD total,IBT,6135.88910876645,6271.47790290702,6462.07486793109,6742.2667043581,7146.18242721439,7528.97783492382,8005.85945340864,8549.41765877368,8893.0585853846,8973.28691707991,9491.06476109275,9909.66736316881,10257.3313079607,10613.0632237797,10954.8603679528,11260.4866918532,11614.4334146697,12040.7055641017,12469.3313074265,12803.2403123772,12435.8919979409,13184.8802494849,13566.2240565914,14085.3605358779,14558.5365802668,,10317.6211637887,9.24160850507983
IDA blend,IDB,3633.06815578635,3676.26217531532,3788.65670801175,3861.39331202198,4041.49496347082,4180.24092927904,4311.98085248898,4421.24350204498,4474.95552836361,4603.20362498656,4733.33839130523,4804.66599462075,4904.86610088223,5065.94560329811,5237.73045994872,5334.89796881244,5376.75140533133,5428.86321617315,5543.08478725084,5601.0731490184,5418.44773942225,5601.41706536212,5734.61014856876,5770.12967338843,5881.30613333127,,4919.95414200229,8.50105448871167
IDA only,IDX,2287.60118015434,2326.85527374442,2377.71882468831,2455.48125073872,2550.01006885471,2659.13394023014,2772.97216037709,2894.84958592195,3005.03228266696,3074.87012482451,3200.57743720783,3307.54674502305,3324.29031139911,3389.79236357464,3495.15551718707,3593.43730810317,3693.82283726903,3819.06313884599,3927.59254417072,4039.7599714204,3940.6570362367,3984.76929692713,4071.10176161043,4115.71379123121,4209.87447488521,,3349.69764993222,8.11662536699442
IDA total,IDA,2749.49613228444,2790.93379242003,2863.77501961742,2939.40264497183,3064.59315459016,3184.17515650949,3304.09545325704,3421.60673297075,3511.99691423339,3603.689043589,3731.3650429676,3825.47913981165,3872.55481949222,3972.50571954787,4101.06905584869,4197.80404042116,4275.25376426748,4372.10888636166,4480.79669621851,4571.33693937913,4441.75719336249,4534.28127989266,4635.76844381992,4675.44023703775,4773.15942015615,,3890.03888082581,8.26617443163345
Late-demographic dividend,LTE,7859.13070203656,8191.92434593069,8608.76608489537,9131.26943171964,9794.58247555122,10457.7780364753,11323.744801937,12351.1329834091,13087.382276025,13323.6846020252,14245.4082462491,15105.6709882205,15832.183111265,16533.6146112111,17196.982386523,17763.9227934627,18355.3833632159,19144.9183696531,20030.1471023405,20835.5456660293,20724.109699915,22182.2380472919,22834.9479188864,23782.7781378539,24812.1779634941,,16029.3723242798,9.68217808852255
Latin America & Caribbean,LCN,14637.7343621251,14492.2332525937,14372.6109012659,14541.8024917951,15133.2720024409,15537.7634671947,16143.6489697746,16790.980020414,17212.007194661,16633.9258843686,17519.3262664885,18117.839692903,18400.0224408148,18731.1886941265,18814.9513462351,18723.6067322825,18509.858715588,18701.0525599035,18851.8707068875,18841.0392635729,17478.3956707466,18654.7651180854,19295.4512005947,19602.5945198256,19905.3033936785,,17573.0897209077,9.77412401779313
Latin America & Caribbean (excluding high income),LAC,14273.0516718015,14095.0169886633,13961.316971416,14111.9816332531,14666.9509216526,15055.8893314058,15646.0428007771,16280.3391214088,16692.4713793654,16107.6572525584,16998.739968284,17574.8040839878,17806.2556639822,18123.9165905107,18192.8672531488,18077.3119352107,17834.7882174145,18016.0451082518,18120.2436395714,18068.0984984257,16754.6568800908,17833.3374848969,18419.6909865342,18695.1004395893,18935.3217162047,,16956.2957346244,9.73839447361698
Latin America & the Caribbean (IDA & IBRD countries),TLA,14523.362859843,14356.1457841138,14231.469465529,14403.6144838266,14976.5063423349,15392.1463009658,16009.144076499,16666.57329604,17097.5065734602,16519.0921356663,17416.1506567518,18021.844525418,18305.8856266341,18640.3150039331,18724.6120691729,18631.1587895789,18414.5663580749,18610.1152472941,18765.6785955562,18748.8272114999,17388.4796307677,18567.0149020827,19199.2396656398,19503.3134014221,19797.5518888551,,17465.1479253704,9.767962627023
Least developed countries: UN classification,LDC,2013.38254155319,2064.68298712137,2126.12135450727,2186.68914002685,2277.71011362598,2396.26961484085,2510.77152819779,2642.88154650605,2756.87257174145,2815.89007846616,2925.02499173024,3001.68969796918,3075.43194855746,3176.93252785348,3289.54438672868,3381.83423962795,3464.21563598968,3562.09634438402,3657.8377611582,3768.64816594992,3682.58868655014,3695.37694103799,3793.48448231073,3831.94636034815,3895.83858416986,,3091.81173264128,8.03651251931578
Low & middle income,LMY,5503.6242659307,5616.74190209988,5787.719478441,6034.35065008504,6397.96971494479,6748.89052453155,7173.98642126613,7662.06216178806,7968.06566093454,8142.14494937023,8653.81778262273,9049.66789189867,9382.85408296784,9748.98213775391,10100.3878856939,10435.9716079298,10806.0715440153,11227.1011993852,11638.7519839017,11962.1133562409,11632.0290748037,12336.0688386598,12731.171197702,13240.3186628543,13689.8779715138,,9493.65894580869,9.15837937533653
Low income,LIC,2066.98401321331,2081.13012710214,2138.28478676692,2211.31052335961,2280.59493258924,2360.41396239573,2426.04604815915,2502.88960739936,2560.90808857275,2586.35512964248,2674.63093815603,2675.52425675177,2461.77792411972,2374.01086902451,2383.33460572791,2394.11778356303,2389.64487588395,2390.09374217086,2395.30257673339,2406.66216118561,2322.36805513449,2275.67794031939,2291.65242046683,2221.13921872261,2228.07908742396,,2396.48820212933,7.78175969562881
Lower middle income,LMC,3589.61484613412,3674.12223338571,3757.83696979259,3914.40428427141,4115.4054197966,4319.50512872975,4547.35540471267,4779.75546277256,4906.9003692842,5117.11733336504,5378.88722585821,5541.99464580545,5733.79025528377,5963.27212827777,6234.23989446339,6523.30498224038,6822.7657844028,7109.18867028597,7409.39295532284,7616.2644064749,7248.34919141699,7652.71966358408,8042.73082886016,8449.21262230128,8788.57824845725,,5962.92698305922,8.69331674404717
"Middle East, North Africa, Afghanistan & Pakistan",MEA,10257.3056940704,10240.3765195187,10242.1357160197,10436.320363567,11004.4669745924,11304.3655519457,11669.3975467487,11994.7598781074,12232.4893466534,12152.4332984587,12469.3112983463,12698.0500683365,12805.0398656177,12790.1578797993,12938.3186472171,13085.5755240295,13460.6439321849,13549.9460538504,13707.3922651418,13715.8264369739,13116.0928148616,13527.2155989247,14106.7324984212,14141.049965363,14174.4878471857,,12597.6237056891,9.44126348036676
"Middle East, North Africa, Afghanistan & Pakistan (excluding high income)",MNA,7195.49735521983,7241.40091947312,7317.6694843904,7342.49697422098,7732.6035387553,7926.78896553434,8178.15365068038,8473.90840906127,8601.15964492402,8680.60728751731,8895.64149610264,8831.07704043261,8837.341740887,8765.57818089877,8846.06592171801,8897.34031865983,9262.58876769109,9401.34990645452,9498.65898200789,9501.27084759138,9162.45183386135,9377.97253653252,9636.68302395046,9736.83891342687,9792.55827254671,,8768.37488478632,9.07890676429412
"Middle East, North Africa, Afghanistan & Pakistan (IDA & IBRD)",TMN,7213.18831632449,7262.86245215674,7343.54748084438,7366.13966770886,7754.20164250571,7947.2168726816,8201.43550561788,8498.88206219813,8625.6908019965,8703.86500168656,8919.36399032173,8851.93339999567,8856.94769130114,8783.87263419374,8866.04070683855,8917.21172426308,9282.40712206492,9422.45673030442,9521.19214913255,9524.49196622247,9189.42974260365,9404.97998142584,9665.10662091182,9769.02127973271,9836.84821837657,,8791.61067157054,9.08155321297951
Middle income,MIC,5763.86584999347,5887.31926935522,6071.38606830745,6336.22039515442,6727.00415781829,7104.47472273896,7564.03999502948,8091.7618441111,8425.1723452634,8619.05823906043,9174.08666033793,9610.88595691185,9995.20118067186,10406.4464628024,10795.3949000296,11168.5544273331,11582.6725128453,12054.0921263599,12517.665260706,12887.1129815956,12550.503196822,13344.203906752,13796.607548234,14384.5150123657,14902.0333944178,,10145.7754500569,9.2248126860127
North America,NAC,54395.987277729,54414.2316035984,54880.9996439937,55882.5388019362,57460.6504859454,58901.3751306812,59950.8137946186,60574.8958792784,60110.4620866898,58016.8608830105,59082.0189342079,59602.1365029617,60435.0747544924,61242.503563919,62295.5003475895,63496.1568233449,64079.9609791642,65200.6650992325,66672.0445796284,67938.3944175251,65982.81017052,69833.4948761015,71184.9572983194,72394.124128493,73461.8370679276,,62509.9290537115,11.0430806879662
Not classified,INX,,,,,,,,,,,,,,,,,,,,,,,,,,,,
OECD members,OED,40050.7481748864,40311.7191718473,40641.5724267738,41166.6385084697,42230.9979036435,43136.5573258425,44205.5158021146,45088.7077945436,44943.6153208478,43067.5041099916,44074.8198971226,44754.215791891,45057.5292832934,45511.5144770948,46235.9293918564,47132.7732781507,47716.3080641622,48699.709150309,49542.9778718668,50160.2336586971,47937.9761968299,50780.3453055162,52125.3678380232,52704.7078681773,53311.4498569913,,46223.4326029644,10.7412421476862
Other small states,OSS,16743.0607796739,16965.6958471656,17289.9277370445,17819.2382044215,18358.3174322623,18924.9636428475,19882.8485785531,20623.8853558448,20542.5942415541,19412.567154581,19778.4758469056,20322.4939921808,20417.6068772292,20408.3648484719,20612.1002495205,21045.4168301874,21596.6462204111,22377.1466270639,23007.598015327,23777.8321726018,22201.1396759721,23574.5078387571,24161.2021854142,24446.9299782432,24932.2821653371,,20935.5365320634,9.94920330659694
Pacific island small states,PSS,5988.29209131626,5986.52113462846,6056.3792624622,6080.39165161632,6268.80079999189,6317.61071283186,6382.50636206824,6301.58869897541,6345.17378572668,6230.1273089396,6374.50824666716,6510.65290803377,6494.70148283054,6642.86784735287,6826.21153244496,7018.06264357001,7162.43607258571,7371.40871517992,7498.24238203575,7469.93309998935,6504.36895836406,6218.5885300932,6881.11530759901,7192.84906022364,7392.22562784378,,6643.11478952646,8.80133622728811
Post-demographic dividend,PST,43710.7373943635,44230.1993406665,44707.549429664,45401.7283021705,46660.2948512431,47710.7061835748,48913.7166481772,49937.4761643267,49848.1252200994,47788.9391729358,48953.6953073456,49656.5794527623,49950.1412036861,50446.7689406108,51145.9256245035,51962.5146042677,52657.6046424648,53759.8816171416,54754.3814944151,55580.4526186013,53105.1876614814,56153.8201155735,57461.7853169434,58305.8042038929,58991.0186074528,,51130.1399443582,10.8421294251006
Pre-demographic dividend,PRE,3027.9543643168,3065.21865907706,3134.08152159918,3006.17672185845,3273.29878019814,3370.618025535,3480.27156016068,3591.69679830923,3711.00880961612,3768.66765357802,3899.08734788305,3951.9587142097,4039.11332882341,4142.87469527638,4231.91961664895,4245.14215697483,4252.2779873823,4209.99115790447,4207.04824406608,4234.8403148811,4011.63971384412,4022.58944990109,4090.8294830009,4074.7386121846,4096.69684104256,,3861.35775881072,8.25877415159623
Small states,SST,15448.6614060288,15661.5848530442,16029.3009864906,16655.9582817246,17237.7517148348,17841.8976656181,18854.3939726412,19504.8214856736,19549.7355494742,18623.1161054155,18960.3146281925,19338.8407457484,19611.5996465487,19698.0078376558,19956.6724181263,20189.6691788652,20307.1821459768,20725.9549116662,21162.1843213393,21667.3461788175,20103.2490689357,21203.1726661984,22471.72209348,23274.3952397084,24600.6954077085,,19680.3312201423,9.8873750007564
South Asia,SAS,3097.8065706785,3182.31651811607,3244.37301172371,3427.97693843644,3626.65995289069,3844.00632749887,4085.07331187694,4330.30260572218,4419.83211246882,4683.42320559367,4997.8415820948,5199.39828023661,5421.16973992689,5690.3266487264,6029.54889102622,6420.39753408588,6853.83622045569,7237.90134609585,7622.25084212582,7857.61469233428,7399.21469055874,8015.35674462811,8522.02555266441,9169.17622547129,9653.44192041476,,5822.62302075647,8.66950613004649
South Asia (IDA & IBRD),TSA,3097.8065706785,3182.31651811607,3244.37301172371,3427.97693843644,3626.65995289069,3844.00632749887,4085.07331187694,4330.30260572218,4419.83211246882,4683.42320559367,4997.8415820948,5199.39828023661,5421.16973992689,5690.3266487264,6029.54889102622,6420.39753408588,6853.83622045569,7237.90134609585,7622.25084212582,7857.61469233428,7399.21469055874,8015.35674462811,8522.02555266441,9169.17622547129,9653.44192041476,,5822.62302075647,8.66950613004649
Sub-Saharan Africa,SSF,3167.23003882357,3215.22258377173,3319.3598768852,3363.35195816429,3491.17244181416,3606.06042150927,3724.17314188481,3847.29773471413,3940.80165664213,3949.39835451167,4072.68124580433,4144.87706599633,4193.89862152122,4285.63208702303,4375.35565634663,4393.61115693955,4350.63495020425,4355.79975822507,4367.17523603712,4377.01713473536,4188.70458205777,4262.25369812557,4317.71519851822,4321.39065881612,4369.74786013743,,4056.74375620346,8.30813590030549
Sub-Saharan Africa (excluding high income),SSA,3424.13537153208,3474.03078981797,3592.26460121048,3647.11418671258,3781.09178949026,3901.03012199619,4024.73984265466,4152.64800984752,4247.69612320769,4249.86077945356,4373.82580826934,4441.69432864357,4486.91527338803,4575.33649623768,4660.91658805618,4665.57413903883,4603.1404533377,4593.29945149282,4595.94271294172,4592.56067160505,4374.65283658504,4448.69436733775,4502.86408426484,4495.4947660487,4535.11006539031,,4318.51624690092,8.37066716087626
Sub-Saharan Africa (IDA & IBRD countries),TSS,3167.23003882357,3215.22258377172,3319.3598768852,3363.35195816429,3491.17244181416,3606.06042150927,3724.17314188481,3847.29773471413,3940.80165664213,3949.39835451168,4072.68124580433,4144.87706599633,4193.89862152122,4285.63208702303,4375.35565634663,4393.61115693955,4350.63495020425,4355.79975822507,4367.17523603712,4377.01713473535,4188.70458205778,4262.25369812557,4317.71519851822,4321.39065881612,4369.74786013743,,4056.74375620346,8.30813590030549
Upper middle income,UMC,7714.62978560457,7893.66999519331,8190.40820703481,8576.61924848187,9166.95334884288,9730.92453632542,10436.4627218349,11278.4445905256,11842.6103387889,12051.0544981655,12928.2164727877,13671.3731979578,14279.7882677856,14904.6716906953,15446.3636109617,15937.8949171986,16503.427812737,17199.8420135699,17868.9353808278,18448.0433254837,18191.0701513969,19451.9521237823,20030.7555362676,20882.4129239774,21658.6204775847,,14409.9193143377,9.57567208969529
World,WLD,12707.9995133581,12841.6290344758,13024.2607363308,13331.0418216779,13838.7678343183,14291.3406816095,14845.0357074048,15422.592761605,15655.562309139,15356.3280250875,15944.8139551411,16373.56288721,16673.6181440445,17005.9091845878,17379.877589109,17746.6646463449,18110.5060622623,18588.9846971375,19062.9600378905,19424.5163446247,18698.060960059,19751.9752253819,20281.5305224067,20785.2703584377,21267.6735519416,,16890.5991132641,9.73451248065079
